burst_id,cluster_label,duration
80714745,0,59.6
80715950,1,7.9
80717543,0,36.6
80719529,0,16.1
80723557,1,58.4
80723985,0,42.8
80724401,1,379.4
80725435,1,25.9
80727964,1,89.1
80730520,-1,17.4
80730786,0,13.3
80804456,0,521.9
80805496,0,29.4
80805584,0,65.7
80806584,0,2.3
80807993,0,19.1
80808451,0,4.4
80808565,0,17.7
80810549,1,75.2
80812889,0,15.0
80816503,0,64.8
80817161,0,60.3
80817720,1,4.4
80818579,0,59.3
80818945,1,13.4
80821332,0,5.9
80823363,0,43.5
80824909,0,7.4
80825593,0,21.0
80828189,0,3.0
80829790,0,7.7
80830368,1,40.9
80904886,0,17.3
80905570,0,26.6
80905705,1,106.0
80906212,0,2.9
80912360,1,16.4
80913735,0,41.2
80916009,0,63.0
80916406,0,46.3
80924766,0,39.9
80925775,0,31.7
80927480,0,45.3
80928628,1,14.3
81003644,0,50.2
81006604,1,6.4
81006872,0,3.3
81008832,0,126.7
81009140,0,41.3
81009690,0,34.6
81012549,0,30.7
81017474,1,28.4
81021398,0,26.1
81022364,0,17.2
81025349,-1,22.5
81028538,0,13.3
81101532,1,8.3
81102365,1,1.7
81102739,1,34.8
81107321,0,1.7
81109293,1,58.4
81110601,0,11.8
81118876,0,20.7
81120618,1,25.3
81121858,0,42.0
81122520,-1,23.3
81124060,0,19.5
81125496,-1,9.3
81126899,0,54.1
81129161,1,62.7
81130212,0,2.2
81204004,1,7.4
81206275,0,24.6
81206604,0,7.9
81215784,0,5.6
81217983,1,29.7
81221681,1,29.7
81222204,0,18.9
81224887,0,16.4
81231140,1,28.7
90101758,0,108.8
90102122,0,26.6
90109332,0,1.7
90112332,0,58.4
90112729,0,14.1
90113778,0,17.4
90117335,0,27.3
90117640,0,15.6
90120627,0,1.9
90126227,0,5.6
90129880,0,16.6
90131090,0,35.1
90202347,1,12.6
90207777,0,24.8
90213236,0,20.2
90217206,1,33.3
90222179,0,17.4
90225009,1,2.2
90227310,0,16.2
90228976,-1,7.9
90301315,0,23.3
90305052,1,1.9
90306245,0,27.9
90307167,0,29.4
90308734,1,1.7
90309767,1,56.5
90310189,1,116.9
90320045,1,2.4
90320418,0,7.9
90320801,0,29.2
90323002,1,133.9
90326633,-1,16.1
90327404,1,14.1
90328401,1,61.7
90330279,1,75.3
90411838,0,21.5
90411991,1,14.3
90419997,0,184.3
90422150,0,9.2
90423330,1,7.2
90424592,0,14.1
90425377,0,75.4
90426066,0,16.1
90426690,1,7.5
90427644,-1,1.0
90427688,0,12.3
90428441,0,4.0
90428552,0,31.5
90429530,0,14.3
90502777,0,66.0
90509215,1,282.4
90510325,0,7.4
90511684,0,7.6
90513941,0,11.8
90514006,1,43.5
90514726,-1,2.2
90514734,0,54.4
90516137,0,110.6
90516853,0,14.5
90518080,0,2.0
90518244,0,6.8
90519462,1,91.3
90519881,-1,74.2
90520850,0,3.8
90520876,0,30.7
90522344,0,20.3
90524346,-1,54.3
90528173,1,35.9
90528516,0,79.0
90529310,0,3.1
90529564,0,9.9
90530760,-1,157.7
90602564,0,20.7
90608052,-1,21.5
90610648,1,6.1
90610723,0,146.4
90610883,1,7.4
90612619,1,37.1
90618353,0,112.4
90620400,0,13.6
90621185,0,106.8
90621417,1,27.0
90621447,0,26.1
90623107,-1,47.1
90623913,-1,7.2
90625234,1,14.3
90625560,1,13.1
90626189,0,48.9
90629543,0,20.5
90630311,0,2.9
90701225,1,4.2
90703329,0,9.0
90704783,0,19.5
90706283,1,57.9
90708152,0,21.2
90709630,0,22.3
90713020,0,82.8
90717034,1,65.5
90718762,0,23.7
90719063,0,11.4
90720276,0,4.5
90720710,1,10.8
90725838,1,13.8
90730608,0,9.1
90802666,-1,27.5
90804940,0,5.6
90805622,0,46.6
90807832,0,17.9
90809978,0,11.0
90810659,1,125.2
90810781,0,63.0
90811696,1,14.8
90813174,0,7.6
90814950,0,108.6
90815438,1,30.5
90815946,-1,245.5
90820027,-1,12.4
90820509,0,15.3
90824918,0,59.9
90826068,1,8.7
90828099,1,68.4
90829672,-1,67.6
90829702,1,101.6
90831317,0,39.4
90902462,0,19.3
90904581,1,38.4
90907017,0,39.5
90908341,1,36.9
90910812,0,53.4
90912660,0,150.8
90915650,-1,76.6
90917661,0,26.6
90920035,1,26.6
90922539,0,87.0
90922605,0,52.7
90925389,0,25.5
90926181,0,13.8
90926914,0,64.0
90928646,0,15.6
90929190,-1,6.2
91002685,1,2.8
91003191,-1,20.2
91005679,1,7.0
91010113,1,6.0
91013989,1,38.4
91015129,0,3.8
91017861,0,2.6
91017985,0,44.8
91020900,1,24.3
91020977,0,37.5
91023021,1,6.5
91024372,1,94.0
91024380,1,450.6
91026485,0,3.3
91026550,0,9.0
91030613,-1,19.2
91030828,0,98.0
91031500,0,33.9
91101143,-1,10.7
91102607,1,6.7
91103912,0,13.6
91107635,1,11.0
91109895,1,31.0
91112737,1,24.6
91112928,1,21.2
91115177,0,37.4
91117080,1,113.7
91120191,1,50.2
91122163,0,2.9
91123081,0,15.6
91123298,1,624.5
91127976,1,8.7
91128285,0,76.3
91201089,0,13.0
91202072,0,27.6
91207333,0,27.1
91208410,1,12.5
91215234,0,4.4
91219462,1,8.1
91220442,0,18.4
91223511,0,49.7
91227294,1,21.9
91230260,1,63.0
91231206,0,42.6
91231540,0,15.6
100111176,0,19.5
100112418,0,23.0
100116897,1,102.5
100118100,0,9.2
100122616,0,22.5
100126460,0,10.6
100130729,0,99.6
100130777,-1,86.0
100131730,0,3.5
100201588,0,141.1
100205490,-1,14.8
100207665,0,15.4
100207721,0,17.7
100211440,0,21.4
100212550,0,3.8
100212588,-1,4.9
100218194,1,29.2
100224112,1,67.3
100225115,-1,13.0
100225580,0,6.4
100225703,0,4.5
100228544,0,67.1
100228873,1,8.7
100301223,0,26.6
100302061,0,2.2
100304004,0,181.5
100304534,0,19.0
100307928,1,16.1
100311518,1,9.0
100313288,0,12.9
100318611,0,18.4
100322045,0,37.1
100323542,0,60.7
100324172,0,17.9
100325246,0,8.2
100325275,0,7.1
100330309,1,10.0
100401297,0,92.4
100406758,0,5.9
100410356,0,9.7
100410740,0,22.0
100413732,1,184.1
100414097,1,26.5
100417789,1,52.5
100420008,0,19.7
100421917,0,62.5
100423244,1,16.5
100424729,0,175.4
100424876,1,170.0
100427356,0,12.5
100429999,-1,25.0
100502356,0,95.8
100503554,0,139.8
100506653,1,21.4
100507577,0,44.0
100510810,-1,31.2
100511035,0,42.4
100513879,0,11.1
100515467,0,10.6
100517072,-1,55.8
100517132,0,19.8
100517154,1,30.5
100517243,0,29.6
100517639,-1,5.4
100519204,0,62.9
100522157,-1,35.3
100525744,1,1.5
100528075,1,22.5
100530737,1,3.3
100604287,0,13.4
100605774,0,8.2
100608382,-1,30.2
100609783,-1,111.6
100612726,0,8.6
100614498,1,172.3
100615083,0,37.4
100619015,0,96.0
100620119,0,51.8
100621452,0,122.6
100625891,-1,29.2
100701490,0,22.0
100704149,0,171.5
100707032,0,81.8
100709602,0,100.1
100714686,1,5.6
100715477,0,14.8
100717372,0,6.0
100717446,0,2.4
100718796,1,38.7
100719311,0,1.6
100719825,0,3.1
100719989,-1,21.8
100722096,0,7.2
100724029,0,114.7
100725475,0,146.4
100727238,1,23.8
100728095,0,165.4
100728439,0,10.2
100730463,1,63.9
100804104,0,6.6
100805845,1,58.4
100810049,-1,2.6
100811781,1,78.1
100814160,-1,150.5
100814351,0,7.4
100816026,1,2.0
100819498,0,12.5
100820373,0,9.0
100825287,0,3.3
100826957,0,85.0
100829374,0,95.0
100829876,0,8.7
100902990,0,22.3
100905907,0,11.5
100906576,-1,110.6
100907751,1,5.4
100910818,0,13.8
100911816,0,5.6
100915243,1,7.9
100916779,-1,12.8
100918863,0,88.8
100919884,0,49.6
100922625,1,4.4
100923844,0,51.7
100926694,0,37.9
100929235,0,8.2
101002279,0,7.2
101003244,1,10.0
101008697,-1,9.0
101010190,0,65.0
101011707,1,36.4
101013412,0,15.4
101014175,1,449.4
101015558,0,508.2
101016243,0,3.8
101017619,0,47.9
101021009,0,120.8
101023951,0,76.8
101024486,0,20.2
101025146,0,14.3
101025267,0,31.0
101101744,0,3.3
101101899,-1,31.2
101107011,0,375.8
101112924,1,9.5
101112984,0,82.9
101113483,0,12.3
101123952,1,103.9
101126198,0,43.8
101127093,0,29.4
101127102,0,60.7
101128322,0,8.2
101201418,1,112.6
101202154,0,18.4
101205309,1,7.9
101206036,0,34.8
101207536,1,61.4
101208498,1,2.0
101211485,-1,13.6
101213849,-1,5.1
101216721,0,1.9
101219686,0,51.0
101220576,-1,72.4
101224227,0,1.7
101224578,1,44.7
101224614,0,25.6
101224998,-1,18.7
101225377,1,81.2
101227195,0,95.5
101227406,0,153.3
101227536,0,28.9
101231067,-1,23.6
110101202,1,3.6
110102788,-1,254.0
110105877,1,123.4
110108977,0,51.5
110112934,0,2.3
110117364,1,72.4
110117626,0,43.3
110118857,0,34.6
110119931,0,205.8
110120666,0,26.2
110123804,-1,17.9
110125894,0,4.8
110128073,-1,12.2
110130230,0,47.4
110201399,0,8.2
110204179,0,28.7
110205027,1,5.4
110206202,0,12.3
110207470,1,37.9
110207959,0,7.7
110209165,0,5.6
110213220,0,34.3
110217591,0,60.7
110220761,0,33.0
110221244,0,13.1
110226989,0,14.1
110227229,0,18.4
110227420,0,25.6
110228011,0,44.5
110301214,0,5.7
110302043,0,38.3
110304071,0,19.5
110311812,1,6.4
110318552,0,14.5
110319815,-1,31.2
110321346,0,30.7
110322558,0,36.1
110328520,0,84.0
110331604,0,3.2
110401920,0,2.4
110402009,0,35.6
110407998,-1,9.0
110410133,1,62.0
110410772,0,7.4
110411629,-1,23.6
110412315,0,20.7
110415541,0,166.1
110421757,1,40.4
110430375,0,32.5
110503145,1,7.9
110505203,0,4.1
110509142,0,68.9
110511616,1,5.9
110517573,1,23.0
110520302,1,12.3
110521478,0,6.1
110522296,0,27.1
110522633,0,58.1
110523344,-1,44.5
110529262,0,45.8
110529811,0,34.8
110531448,1,38.7
110601681,0,52.2
110605183,0,82.7
110605780,0,1.5
110609185,1,10.0
110609425,1,33.0
110610640,0,43.5
110613631,-1,40.2
110618366,0,163.8
110622158,0,70.4
110625579,1,33.3
110625881,0,26.9
110626448,0,6.4
110629174,0,61.7
110702187,0,34.4
110703557,0,6.7
110705364,0,19.2
110706202,0,12.0
110706477,1,73.2
110706728,0,16.9
110709463,0,24.1
110709642,0,43.2
110709862,0,5.4
110716018,0,7.2
110717319,-1,90.4
110720177,0,11.2
110721200,1,21.8
110722694,1,73.5
110722710,1,14.3
110725236,-1,20.2
110726211,0,30.0
110729142,0,408.6
110730660,0,33.9
110731465,1,7.5
110803783,0,186.9
110806934,0,28.4
110809461,0,12.5
110812899,0,11.3
110813237,0,22.8
110819665,0,16.4
110820476,0,11.3
110824009,0,76.6
110825102,0,62.5
110825265,0,48.1
110831282,1,98.9
110901230,1,22.5
110903009,1,27.1
110903111,-1,341.3
110904124,0,83.9
110904163,-1,51.5
110904531,0,20.5
110906302,0,23.9
110909116,0,20.7
110911071,-1,9.0
110919634,1,35.1
110920338,0,9.7
110920546,0,160.8
110921444,1,149.5
110921912,0,17.7
110923481,0,1.7
110923835,0,46.4
110926107,0,75.3
110928180,1,148.2
110929187,0,5.1
110930564,0,37.9
111003465,1,16.6
111005398,0,30.7
111008992,1,42.5
111009282,0,20.7
111010237,1,82.4
111010660,1,8.7
111010709,0,53.0
111010899,-1,18.6
111011094,0,1.5
111012456,0,20.7
111012811,0,7.9
111015427,0,92.7
111018595,0,8.2
111018785,0,29.7
111024722,0,65.0
111025078,1,51.7
111103441,-1,12.0
111107035,0,12.0
111107076,0,77.2
111109453,0,4.9
111109873,1,9.7
111113410,1,15.4
111114233,1,22.0
111120556,1,98.6
111124308,-1,9.0
111127810,0,19.0
111201599,0,16.9
111203054,0,55.6
111203609,0,22.0
111208353,0,41.0
111216389,0,81.9
111220486,0,39.0
111221739,1,27.1
111226795,-1,74.8
111228453,1,2.9
111228657,0,99.8
111230683,-1,28.2
111230819,0,12.7
120102095,0,28.4
120102416,-1,20.2
120105584,1,22.5
120107384,-1,23.0
120109824,-1,38.7
120111051,0,76.8
120114433,0,2.8
120114681,0,43.3
120117291,1,3.3
120118709,0,37.8
120118898,0,17.2
120119170,1,55.3
120119229,0,41.7
120119354,0,16.9
120121101,0,18.4
120121251,0,37.1
120129580,0,3.1
120130699,0,27.8
120130906,1,3.6
120130938,-1,38.9
120203812,0,10.2
120204054,0,49.1
120206949,0,9.5
120210650,-1,1.3
120212383,0,9.2
120213606,0,13.8
120217808,0,5.9
120217904,1,2.6
120219563,0,8.1
120220210,0,21.2
120222119,0,29.4
120223933,1,14.3
120224282,-1,60.9
120224898,1,29.2
120226447,0,14.6
120226871,1,53.0
120227391,1,19.7
120227725,0,17.4
120302080,0,80.4
120302722,0,1.6
120304061,0,10.0
120304248,-1,5.4
120308588,0,25.6
120312671,-1,13.3
120314412,0,1.3
120316008,-1,26.6
120319983,1,72.4
120323162,0,4.4
120326056,1,11.8
120328268,1,29.7
120331055,0,16.4
120402669,-1,20.2
120403857,1,4.3
120411925,0,38.9
120412055,0,9.7
120412920,0,101.2
120415076,0,12.5
120415958,0,12.5
120420249,0,25.6
120420858,0,254.9
120426090,-1,2.7
120426585,0,31.0
120427054,-1,5.4
120427153,-1,22.8
120429003,1,1.7
120429484,0,15.4
120430980,0,14.6
120504468,0,42.0
120504945,0,5.8
120506128,0,2.3
120511638,0,45.2
120512112,0,18.2
120513531,-1,23.8
120520949,0,5.8
120521380,0,91.1
120522361,0,28.2
120528442,-1,16.4
120530121,0,77.1
120531393,1,25.3
120604220,0,10.5
120604343,0,12.0
120605453,1,18.1
120611108,1,49.9
120612680,1,63.2
120618128,0,17.6
120624933,0,271.4
120625119,0,7.4
120703417,1,64.5
120703498,1,77.6
120703726,0,9.0
120707800,0,41.0
120709883,0,27.3
120710100,1,131.8
120711115,1,44.0
120711446,0,87.6
120712571,1,22.5
120713226,0,13.8
120715066,1,29.7
120716577,0,25.0
120716712,-1,226.0
120719146,0,75.0
120727681,0,10.5
120728434,0,100.5
120728934,0,32.8
120729456,0,25.5
120801920,1,479.2
120806007,-1,26.6
120811649,1,14.3
120819048,0,66.3
120820585,1,107.5
120824594,-1,111.6
120827216,1,5.1
120830212,1,16.1
120830702,0,49.7
120905657,1,195.6
120907017,1,5.8
120908873,0,46.8
120908938,0,66.9
120909070,1,112.1
120911298,0,22.0
120913846,-1,33.8
120913997,0,130.0
120914144,1,10.2
120915474,1,5.9
120916173,0,53.0
120919052,1,118.0
120919309,0,21.2
120919816,-1,20.5
120921877,0,5.6
120926335,1,4.3
120926426,0,60.2
120926753,1,3.1
121005030,0,96.8
121005340,1,141.6
121008424,0,3.5
121011469,0,65.8
121019233,0,14.3
121028280,1,11.0
121029350,0,15.8
121031949,0,242.4
121102064,0,2.0
121104627,0,59.1
121109338,-1,22.1
121112806,0,1.3
121113544,0,95.5
121117018,0,331.8
121118576,1,33.3
121119579,0,2.3
121122564,0,8.7
121122870,0,125.4
121122885,0,7.9
121123442,1,42.5
121125356,0,49.9
121125469,0,12.9
121128212,0,17.3
121211574,1,5.6
121211695,0,9.0
121216419,0,9.2
121217313,0,828.7
121220311,-1,5.1
121221916,0,38.9
121223300,0,11.0
121225417,1,58.5
121229533,0,23.0
121231445,1,32.8
130104721,-1,26.4
130106829,0,11.3
130109206,1,9.0
130112286,0,35.3
130112353,-1,2.0
130114019,0,8.7
130115716,1,13.6
130116415,-1,66.8
130117087,0,78.8
130118482,-1,21.6
130121835,1,178.7
130123843,0,22.0
130131511,0,147.5
130206482,0,11.3
130206817,1,91.6
130208684,1,41.5
130209961,0,9.8
130214137,0,96.8
130214800,1,13.8
130215063,0,143.7
130215649,0,58.1
130216790,0,13.0
130216927,-1,6.6
130217688,0,14.8
130218261,0,37.1
130219197,0,168.0
130219775,-1,96.1
130220964,1,6.4
130224370,1,70.9
130228111,0,107.8
130228212,0,15.7
130304410,0,67.8
130304658,0,23.3
130305486,0,25.6
130306991,0,120.6
130307238,1,63.5
130310840,0,16.0
130314147,0,142.9
130318456,0,121.1
130320560,0,341.0
130324042,1,56.3
130325203,1,6.9
130327350,0,31.2
130331566,0,13.8
130404428,0,3.3
130404840,-1,34.6
130406288,1,7.9
130406334,0,88.8
130406354,0,2.6
130408653,0,9.2
130409960,0,26.1
130418844,1,169.5
130420313,0,105.0
130420343,-1,38.9
130420422,1,27.3
130420539,0,13.8
130425327,1,62.2
130427324,0,138.2
130502327,0,24.3
130502743,0,3.3
130504978,0,73.2
130505955,0,50.2
130507545,1,60.2
130509078,0,24.3
130510877,-1,29.4
130514560,1,17.4
130515430,0,20.5
130515755,0,2.6
130517781,1,33.3
130518551,0,4.1
130518580,-1,48.6
130522510,0,27.9
130523095,0,17.9
130523198,0,5.4
130527627,1,27.8
130528503,0,66.3
130528695,0,55.6
130530719,0,58.6
130604033,1,26.9
130606316,0,24.1
130606497,-1,52.2
130609129,0,5.4
130609902,0,191.5
130612141,-1,7.4
130612456,0,10.2
130614997,1,9.3
130615398,1,21.8
130620498,1,14.6
130623130,0,29.4
130623488,0,22.3
130623699,0,7.7
130623790,-1,42.2
130626596,0,28.2
130627372,1,35.8
130628531,0,21.5
130630272,0,17.2
130701060,1,20.2
130701761,0,1.6
130702004,0,58.9
130702951,1,16.4
130704560,1,6.4
130708488,0,14.1
130715906,1,47.9
130716352,0,91.1
130717734,1,55.3
130720116,0,48.6
130720582,0,199.2
130722021,0,81.4
130722990,1,2.3
130723092,0,8.2
130725527,1,6.7
130727698,1,13.0
130730243,-1,27.9
130803419,1,7.6
130811186,-1,44.8
130813791,1,11.3
130815420,0,236.3
130815660,0,37.9
130816074,1,36.9
130818941,0,25.3
130821674,0,87.0
130828306,0,137.0
130828808,0,3.9
130829672,0,6.7
130830864,1,84.0
130830921,0,36.4
130831058,0,24.8
130903033,0,68.6
130905377,0,21.2
130906222,1,11.3
130906435,0,8.2
130919985,1,17.4
130924910,0,1.8
130925164,0,6.4
130925173,0,215.6
130925546,1,265.5
130928537,1,133.0
130929375,0,2.3
131002288,0,55.0
131006840,1,42.0
131008858,0,36.3
131011741,-1,77.1
131014215,1,3.2
131014513,0,30.2
131021352,0,17.7
131028076,0,17.2
131029973,-1,104.4
131029990,1,50.9
131030653,1,53.2
131030791,0,27.4
131031482,0,7.4
131105087,-1,112.6
131108024,0,14.6
131108862,0,18.2
131113483,1,60.5
131118958,-1,85.2
131119781,0,34.8
131122490,0,23.0
131123543,0,3.1
131127592,0,18.2
131127696,-1,15.1
131202633,0,20.0
131204937,0,30.0
131209547,-1,13.6
131209963,1,4.1
131212814,1,7.4
131214705,0,80.1
131215298,0,23.0
131216081,1,19.3
131217183,0,9.2
131217506,0,3.3
131229277,0,13.0
131230529,0,3.1
131230808,1,49.2
131231198,0,31.2
140102887,0,3.6
140104731,0,187.1
140106345,-1,33.0
140108721,1,91.4
140110263,0,9.5
140110814,0,81.2
140112060,0,12.0
140113183,0,68.9
140113624,0,4.6
140115863,0,14.9
140115899,0,10.5
140118064,0,90.1
140122597,0,3.6
140124527,1,121.5
140126815,1,75.8
140204547,0,71.2
140206275,1,146.7
140206304,0,27.3
140211091,1,3.5
140213807,0,18.6
140216331,1,2.4
140217043,1,27.1
140219824,1,77.1
140223495,1,17.4
140224382,0,2.3
140224788,0,17.2
140227738,-1,17.2
140302342,-1,67.6
140304557,0,31.2
140304849,0,232.7
140306146,0,51.7
140308710,0,12.0
140311453,0,14.9
140311618,0,14.3
140319964,1,50.4
140322424,0,10.5
140323433,0,111.4
140327065,1,11.5
140328560,0,4.2
140329295,1,21.2
140330180,0,34.0
140404030,0,85.0
140404900,-1,22.8
140405033,0,39.9
140406120,0,109.3
140406144,0,37.1
140408553,0,7.7
140414693,0,25.6
140416060,1,31.7
140422194,0,361.5
140427702,0,13.3
140429975,1,9.2
140430716,0,26.4
140501497,0,22.1
140502354,1,20.1
140506880,1,64.1
140508128,0,44.3
140508629,-1,50.4
140511095,1,1.4
140511995,0,59.1
140512814,1,148.0
140513724,0,17.2
140516700,1,38.1
140516765,0,22.0
140517813,0,18.9
140519043,0,47.6
140521732,0,11.6
140523129,0,19.2
140526449,0,79.1
140528837,0,13.6
140603476,1,138.2
140606133,0,22.8
140608153,0,71.7
140608713,1,6.4
140610548,1,36.9
140612294,0,38.9
140619475,0,2.8
140620219,1,45.8
140621827,0,6.4
140623224,0,111.1
140626843,1,1.8
140627401,0,7.4
140628704,0,75.5
140701567,0,25.1
140701833,-1,6.9
140703026,0,84.0
140705539,1,26.9
140706815,0,43.8
140709051,0,69.6
140709637,0,156.4
140710901,0,11.5
140712973,0,28.2
140713780,0,5.4
140714268,0,132.1
140715231,0,77.3
140716306,0,3.3
140716436,0,168.3
140717827,1,80.6
140721336,0,127.7
140723067,1,56.3
140723499,0,45.1
140725583,0,20.0
140727748,0,13.8
140729026,0,55.6
140801792,0,7.2
140808038,1,4.5
140809133,1,69.1
140810782,1,81.7
140817229,0,26.1
140817293,0,16.1
140818229,0,109.2
140818781,0,21.0
140821997,0,32.5
140824548,0,4.1
140824606,-1,108.8
140825328,0,78.6
140827763,0,21.0
140828288,0,23.6
140831374,1,3.6
140901262,1,65.0
140906175,0,37.6
140906429,0,20.7
140907429,-1,27.4
140911012,0,116.7
140916234,1,31.2
140917512,0,16.5
140918379,0,165.6
140919636,1,108.5
140928100,0,7.7
140928437,1,17.9
140929677,-1,37.1
140930134,1,3.3
141003564,0,8.7
141003788,0,7.4
141004150,1,9.5
141004973,-1,2.6
141005217,0,3.4
141005535,1,11.3
141011467,0,12.0
141012773,1,37.6
141013803,1,82.4
141016897,0,17.4
141022087,1,9.2
141026742,1,2.6
141028455,1,31.5
141029134,0,192.8
141030746,0,9.0
141031257,1,38.7
141031304,0,19.5
141102536,0,2.6
141102779,-1,25.1
141105358,0,19.2
141105406,0,1.3
141109447,0,32.0
141112539,1,335.9
141112828,1,63.7
141114687,-1,44.8
141118678,0,4.4
141121414,1,3.8
141122875,0,30.7
141202470,0,1.4
141205763,0,5.4
141206254,0,4.6
141207800,-1,21.0
141208038,1,14.3
141209131,0,78.1
141215560,0,11.3
141220252,1,7.6
141221338,0,23.8
141221897,0,32.5
141222298,-1,2.8
141222691,1,34.0
141223240,-1,94.2
141225959,0,56.3
141229492,0,13.8
141229911,0,91.4
141230142,0,9.9
141230834,1,28.9
150105257,-1,80.6
150110433,-1,74.3
150110923,1,2.6
150118409,0,40.2
150120685,1,56.8
150122960,0,53.2
150126868,0,96.5
150127398,0,52.7
150127589,0,60.9
150127935,0,84.2
150128791,0,85.2
150131335,0,8.2
150131951,0,8.2
150201574,-1,15.6
150202999,1,167.4
150203545,0,23.8
150204272,0,11.0
150206285,0,23.3
150206407,-1,5.1
150210935,0,31.3
150213001,1,4.1
150220598,0,144.6
150222450,0,65.3
150226545,0,174.6
150226948,0,32.8
150227702,1,17.4
150228845,1,4.1
150228981,0,36.6
150301818,0,13.3
150303516,0,4.9
150305724,-1,16.1
150306993,0,18.9
150309958,1,52.5
150313657,-1,5.1
150314205,0,10.7
150316400,0,2.0
150318521,0,94.7
150319271,0,10.5
150322066,0,15.6
150323395,0,56.3
150323712,1,43.3
150324164,0,4.6
150324319,1,13.1
150326521,0,5.9
150326542,0,4.1
150329288,0,28.9
150330828,0,153.9
150403913,1,22.3
150404733,0,4.9
150411026,0,15.4
150415029,0,34.6
150416773,0,33.3
150418819,0,3.8
150422294,0,30.2
150422703,0,36.9
150423285,0,14.3
150424403,1,36.1
150425617,0,4.4
150426594,0,22.5
150428305,1,32.5
150430015,1,111.6
150501017,1,9.7
150502435,-1,109.3
150506398,1,6.8
150507026,0,63.5
150508945,0,113.9
150510139,0,51.9
150511362,1,31.2
150512432,1,123.1
150513856,-1,159.0
150514774,1,10.8
150520893,0,15.6
150522433,0,43.8
150523396,1,82.4
150523690,1,114.7
150527283,0,20.7
150527662,0,63.2
150528656,0,13.1
150530488,0,7.2
150602840,1,10.5
150603105,0,67.3
150603823,0,102.1
150604284,1,52.7
150607330,0,26.2
150612702,0,68.4
150613420,-1,27.4
150614073,0,5.1
150618674,0,45.3
150619287,0,57.1
150622393,1,60.7
150627183,0,64.6
150630223,0,22.8
150630958,0,39.2
150702998,0,45.8
150703149,0,50.2
150703259,0,46.6
150705009,0,21.0
150710646,0,33.3
150711766,0,82.2
150712846,1,59.6
150716552,-1,32.8
150717795,-1,10.0
150718656,1,19.5
150721242,-1,18.4
150721732,0,11.5
150723608,1,33.0
150724398,0,37.4
150724782,0,37.9
150726877,0,46.8
150728151,0,1.7
150729517,0,35.6
150802127,1,313.1
150802207,1,10.0
150804806,-1,51.2
150805445,0,45.8
150806348,1,85.2
150809516,0,47.4
150810485,0,1.3
150815604,0,24.6
150817087,-1,35.6
150817251,0,13.3
150820880,0,5.9
150821406,0,103.4
150822178,1,13.3
150824079,1,13.6
150824125,0,32.8
150826557,0,33.0
150827785,0,10.5
150828333,0,12.8
150828901,0,2.0
150830128,0,44.8
150831930,0,13.8
150902733,0,13.6
150904479,0,23.3
150908408,0,60.9
150911315,0,41.7
150911588,0,46.1
150912443,0,33.5
150913161,0,21.0
150919606,1,6.7
150922718,0,15.9
150922883,0,2.8
150923864,0,1.8
150923995,1,17.2
150928359,1,53.5
151001348,0,377.9
151003729,-1,44.0
151006413,1,93.4
151009949,0,18.9
151011136,1,25.3
151014592,1,34.3
151021791,0,7.2
151023104,1,10.2
151024179,0,4.6
151026169,0,53.2
151026523,0,63.2
151027166,0,123.4
151030999,1,116.5
151107851,1,139.0
151111356,0,46.3
151117442,0,58.6
151118554,0,40.9
151120349,0,28.4
151122709,0,51.2
151126293,0,8.4
151129333,0,52.2
151130160,1,20.2
151205657,0,56.3
151211672,0,40.9
151212030,1,22.3
151212064,1,13.3
151218857,0,3.3
151219567,0,62.7
151227072,0,3.4
151227218,0,42.8
151228949,0,28.7
151229285,0,3.5
151231443,0,71.4
160101030,0,4.7
160101215,0,22.0
160102500,0,25.3
160102936,0,10.5
160104475,0,8.7
160104918,0,44.3
160106948,0,39.4
160107931,-1,113.9
160111115,0,26.9
160113398,1,24.6
160118060,0,46.8
160123095,1,37.6
160125368,1,16.9
160131116,0,34.8
160131174,0,205.3
160201883,0,40.5
160206430,0,21.5
160215773,0,141.3
160216801,1,7.7
160218711,0,20.2
160219289,1,3.5
160219673,0,144.4
160220868,1,22.5
160221993,0,11.5
160223072,0,117.8
160223416,1,17.9
160223670,0,288.0
160225720,0,70.1
160225809,1,64.3
160226913,0,105.5
160227831,0,7.7
160228034,1,16.1
160301215,0,29.7
160303201,0,48.1
160303971,1,27.1
160308709,-1,88.1
160310291,0,23.6
160314929,0,98.6
160316139,0,17.2
160316573,1,17.9
160318342,1,12.8
160323293,-1,25.1
160325291,0,42.9
160326062,0,19.5
160330827,0,42.0
160401065,0,21.0
160406023,0,23.0
160407673,-1,7.1
160419637,1,24.3
160421137,1,25.1
160422499,0,12.3
160423066,0,12.0
160424492,0,6.6
160508290,0,11.0
160509374,1,369.7
160512199,0,78.1
160512536,0,104.4
160513553,0,1.7
160513962,1,65.8
160515819,0,84.5
160516237,0,2.4
160518039,-1,22.8
160519012,1,98.6
160519060,0,17.7
160519677,0,19.2
160521385,0,2.8
160521839,-1,15.9
160522445,0,43.8
160523919,0,71.4
160527080,0,25.3
160528276,0,7.2
160530667,0,9.0
160605847,-1,5.5
160609941,-1,60.2
160621497,0,251.1
160623209,0,107.8
160625230,0,43.3
160625240,0,10.8
160625945,0,453.4
160628136,0,5.9
160628579,0,23.0
160629930,0,64.8
160709370,0,38.7
160709826,1,5.4
160710233,-1,57.9
160711968,0,25.3
160716144,0,28.9
160717813,1,66.8
160718975,1,8.4
160720275,0,14.3
160720767,1,69.9
160721806,0,10.0
160724444,1,11.0
160727971,0,3.1
160731024,0,28.7
160802259,0,16.4
160804065,0,131.6
160804775,1,151.8
160806584,1,1.7
160813297,1,7.9
160815490,1,7.1
160816414,-1,11.8
160816730,-1,11.1
160818198,0,6.4
160818230,0,2.2
160819852,1,33.5
160821857,1,43.0
160824598,0,3.5
160825799,1,6.1
160826938,0,1.8
160827616,0,6.4
160827837,-1,24.6
160831411,-1,50.7
160905471,1,33.5
160908136,0,156.7
160909061,0,18.4
160910722,0,24.3
160912350,0,32.7
160912521,0,84.5
160917456,0,14.6
160917479,1,19.5
160917921,0,10.8
160919613,-1,62.5
160919858,0,79.1
160920249,0,15.6
160921087,0,48.9
160922856,1,20.7
160924253,1,74.5
160925221,1,50.9
160928825,0,6.1
160929529,0,4.6
161001045,1,2.2
161004964,0,12.8
161005977,0,19.5
161007009,0,30.7
161009651,1,92.2
161012214,-1,11.0
161012416,1,44.3
161012637,0,6.4
161013948,0,34.8
161014522,0,36.6
161015710,0,15.1
161017745,0,37.9
161020024,0,12.3
161020759,0,24.3
161020767,0,22.1
161022114,0,26.4
161105417,0,41.5
161106499,0,10.8
161106786,0,12.5
161109263,1,23.6
161110179,0,1.8
161111197,1,118.5
161112496,1,71.4
161117066,1,122.2
161119633,1,77.8
161125931,0,69.6
161128216,-1,6.9
161129300,1,36.1
161201342,0,12.8
161205561,-1,33.5
161206064,0,33.5
161207224,0,8.2
161207813,0,36.4
161210524,1,2.3
161213295,0,23.3
161214722,1,22.5
161217128,0,3.6
161218356,0,25.9
161220605,0,41.7
161227498,0,2.6
161228032,1,39.9
161228388,0,72.7
161228405,0,50.2
161228553,0,47.1
161229878,1,33.5
161230511,-1,48.9
170101116,0,12.8
170101374,0,2.3
170106968,-1,31.2
170110967,0,34.0
170111815,0,3.1
170112970,0,7.4
170113420,0,49.2
170114833,0,29.2
170114917,1,12.0
170115662,1,120.3
170115743,1,44.3
170119228,1,28.9
170120471,-1,28.9
170121067,0,2.3
170121133,0,1.6
170121614,0,46.3
170124238,0,39.2
170124874,0,22.8
170125022,0,3.9
170126480,0,13.8
170127634,0,1.7
170130302,0,50.2
170130510,0,101.1
170130697,0,29.2
170131969,0,23.0
170205521,1,5.4
170206453,0,1.2
170207906,0,38.9
170208553,0,53.8
170208758,0,7.2
170208940,0,22.0
170209048,0,39.7
170210116,0,76.5
170212034,0,15.9
170214649,1,122.9
170219110,0,10.2
170222209,1,1.7
170228773,0,46.1
170228794,0,60.7
170301812,0,12.5
170302166,0,3.8
170302719,1,87.8
170302876,0,89.9
170306130,0,32.3
170306588,0,18.9
170307851,0,28.4
170308221,0,11.5
170310417,1,13.6
170310883,0,18.2
170313125,0,42.0
170315582,0,16.1
170316710,-1,39.4
170317666,1,213.0
170318644,0,4.1
170323058,0,33.5
170323775,0,35.3
170326489,0,9.7
170329387,0,33.5
170402285,0,7.2
170402961,1,22.5
170403707,0,14.0
170405777,0,78.6
170412917,0,81.6
170412988,0,31.2
170414551,-1,45.8
170416583,0,62.0
170419898,1,24.1
170419983,0,12.5
170422343,0,25.3
170423719,0,46.6
170423872,0,10.0
170429799,1,220.2
170501467,1,47.4
170510217,-1,127.7
170511249,-1,40.7
170511477,0,2.3
170511648,1,1.3
170514152,1,12.0
170514180,0,103.9
170516808,1,11.0
170520202,0,6.1
170521882,0,7.7
170522657,1,7.4
170527480,0,49.2
170530581,0,19.5
170606968,1,11.3
170607946,1,18.2
170607971,1,20.9
170610689,1,19.2
170611937,0,27.9
170614255,1,122.6
170614486,0,26.9
170614505,0,5.4
170616047,1,9.2
170616165,0,56.3
170618475,0,52.5
170621784,0,32.0
170626401,0,12.3
170627931,0,17.2
170629537,0,28.2
170705115,0,22.8
170705200,0,27.6
170705244,0,5.9
170709334,0,1.9
170710340,0,42.2
170711019,0,15.1
170711931,0,12.3
170717952,1,11.8
170718152,0,40.2
170722525,0,37.4
170723677,0,21.0
170723882,0,5.4
170724543,0,19.2
170726794,0,78.1
170727841,1,19.2
170728961,0,46.3
170730133,0,6.7
170801690,0,10.2
170802638,0,2.2
170803415,0,66.8
170803729,0,3.6
170804911,0,26.4
170805901,0,25.9
170808065,0,4.4
170808936,0,17.7
170810918,0,137.0
170813051,1,111.9
170816258,0,61.4
170816599,0,1.6
170817908,0,2.6
170821265,0,53.0
170825307,0,6.7
170825500,0,7.2
170825784,0,65.0
170826819,0,11.0
170829414,0,51.5
170829674,0,81.2
170830069,0,216.8
170830135,1,117.2
170830328,0,14.6
170831179,-1,57.3
170901007,-1,5.9
170901255,0,9.0
170901345,0,29.7
170903534,0,25.6
170906030,0,78.8
170906039,0,11.5
170906485,1,45.6
170911267,1,20.0
170912273,0,13.6
170915161,-1,15.6
170921168,0,39.4
170923101,0,46.1
170923188,-1,59.5
170926528,1,15.4
170928607,1,9.2
170929513,-1,9.5
170929699,0,9.0
171002969,-1,7.9
171004857,0,8.2
171007498,1,3.5
171009138,-1,47.1
171010792,0,107.3
171010875,0,25.3
171011162,1,101.9
171013350,0,39.4
171017823,0,86.3
171020813,-1,19.2
171022085,1,37.6
171022885,0,13.3
171025213,0,6.4
171025913,0,7.9
171029020,1,19.7
171102107,0,48.4
171106498,0,10.8
171112868,0,302.8
171117515,1,105.9
171119992,1,26.4
171120556,0,44.1
171124235,0,26.2
171126216,0,165.9
171126235,1,1.5
171201068,1,59.1
171202113,0,81.2
171206122,0,15.4
171207809,0,25.6
171208733,0,2.6
171209671,0,13.8
171210493,-1,143.1
171211844,0,148.2
171212222,-1,20.0
171212434,0,32.0
171212948,1,6.7
171215705,0,28.9
171227000,0,37.6
171230048,0,10.0
171230955,0,70.4
180102660,0,13.3
180111815,0,19.2
180112842,0,9.5
180113011,0,15.9
180113116,0,11.3
180113418,1,24.6
180116026,0,59.9
180116678,0,122.6
180119837,0,3.0
180120207,0,28.9
180122129,1,4.4
180124392,0,86.5
180125891,1,22.8
180126095,-1,18.4
180127049,0,34.8
180127879,0,17.7
180130049,0,120.6
180204109,0,1.2
180205184,0,15.4
180205323,1,47.4
180208764,0,17.4
180210517,0,38.9
180211754,0,20.5
180218635,1,5.6
180219482,-1,108.0
180222239,0,50.7
180305393,0,13.1
180306479,0,63.5
180307073,1,136.7
180309322,0,24.6
180330891,0,14.3
180401280,0,33.8
180401846,-1,23.0
180403565,1,36.6
180404091,0,80.9
180409346,1,13.1
180411519,0,77.6
180412425,-1,21.0
180413118,0,57.9
180416340,0,103.4
180416924,0,69.9
180418281,0,2.6
180420031,1,59.4
180420107,0,63.0
180423033,0,54.8
180423266,1,3.3
180426005,0,38.1
180427442,0,25.9
180428102,0,64.5
180504136,1,25.3
180505540,0,21.8
180506077,1,44.0
180506902,0,23.3
180511437,0,2.0
180511606,0,9.2
180515814,0,20.2
180516229,0,13.8
180517309,1,41.7
180521935,0,31.2
180522607,1,6.9
180522678,1,12.0
180523782,-1,2.0
180524416,0,13.3
180524920,0,4.1
180528371,0,16.9
180528465,1,8.2
180605458,0,24.1
180606730,1,6.1
180610377,0,163.3
180610568,0,8.4
180610791,0,27.6
180611145,0,9.0
180612785,0,101.1
180614327,0,9.2
180615462,0,22.5
180618030,0,3.7
180618724,1,130.0
180620354,1,98.0
180620660,0,46.7
180622273,-1,13.6
180623849,1,15.9
180630335,-1,48.9
180630467,0,12.0
180701469,0,25.6
180703876,0,20.7
180703949,-1,1.5
180706351,-1,38.1
180709099,0,11.0
180710062,0,90.1
180712358,0,37.1
180715087,1,5.1
180715741,0,1.7
180718201,0,7.2
180718763,0,98.3
180720213,0,8.9
180720598,1,48.9
180720933,1,23.3
180722120,0,12.5
180722418,0,51.5
180722993,0,86.5
180723133,0,3.1
180723757,0,19.7
180724807,1,58.1
180724984,1,4.6
180728575,0,6.1
180728728,1,6.4
180731891,1,31.2
180801492,0,7.4
180804554,0,43.5
180804765,0,21.5
180804909,1,4.6
180804931,0,18.4
180806665,0,8.4
180806944,0,15.6
180807097,1,54.3
180809485,0,236.0
180810278,0,15.1
180812349,1,38.4
180814505,1,100.6
180816088,0,34.6
180816930,0,19.5
180818520,0,169.2
180822423,1,8.4
180822562,1,152.0
180823442,0,47.7
180826055,0,290.6
180828790,0,8.3
180905400,0,7.2
180906597,-1,52.0
180906759,0,13.3
180910032,0,38.4
180910156,0,28.9
180912274,1,41.2
180914522,0,122.4
180917477,0,4.9
180922461,0,6.4
180922734,0,16.9
180923931,0,8.2
180927993,1,4.6
181002617,1,1.7
181007385,-1,46.3
181007737,1,23.6
181008269,1,33.0
181008877,1,224.5
181014479,0,33.5
181020424,1,13.3
181020792,-1,15.1
181022846,1,13.8
181026540,0,44.8
181027076,0,89.9
181028590,1,29.7
181029892,0,18.7
181103046,0,11.8
181111654,0,15.1
181116484,0,68.6
181117663,0,87.6
181119606,0,16.4
181119649,-1,25.3
181120265,0,17.4
181122381,0,73.7
181125092,0,9.2
181125371,1,3.8
181126413,1,2.1
181126729,0,9.2
181127274,0,12.3
181128751,0,17.7
181203880,0,41.2
181206970,1,89.1
181208188,0,62.5
181212693,-1,57.6
181215110,1,37.4
181216551,0,43.5
181217665,1,42.5
190102258,1,122.1
190106866,1,11.8
190107050,0,67.6
190109217,1,123.9
190109497,1,8.2
190110726,0,9.0
190114873,1,116.4
190117369,1,35.6
190119249,0,34.3
190122305,0,54.0
190123513,0,16.9
190129515,1,8.7
190129539,0,10.0
190131109,0,49.9
190131964,0,63.2
190215772,1,23.3
190217188,0,11.5
190222312,1,13.8
190222537,1,13.3
190228973,0,50.9
190303240,0,64.8
190304371,0,62.2
190306943,0,180.5
190307151,1,75.5
190308923,0,45.6
190310398,0,59.4
190311600,1,12.5
190312446,0,12.8
190315512,0,29.2
190319353,0,13.9
190319375,1,21.8
190321363,0,55.8
190323179,1,4.7
190323303,0,30.5
190323879,-1,38.4
190324348,1,52.2
190324947,0,26.9
190325999,1,316.9
190326314,0,55.8
190326975,0,20.7
190327111,0,36.9
190330694,0,36.1
190331093,0,4.8
190401139,1,42.8
190404293,-1,9.5
190406450,0,11.8
190406465,0,15.1
190406745,0,80.4
190407575,0,58.9
190407672,0,17.7
190407788,0,2.4
190411407,0,18.7
190411579,-1,60.9
190415173,0,52.5
190419414,0,212.7
190420981,0,1.5
190422284,1,80.4
190422670,1,20.7
190422957,0,213.3
190425089,0,7.7
190428783,0,16.6
190429743,0,22.3
190502168,0,11.8
190504415,0,77.6
190507270,0,85.0
190507970,-1,36.4
190508808,0,37.6
190508987,0,119.8
190511302,0,27.6
190515190,-1,1.3
190517813,0,4.9
190519309,0,43.5
190530430,1,18.4
190531312,0,57.1
190531840,1,38.1
190603795,0,22.5
190604446,-1,32.0
190605974,1,3.6
190607071,0,37.9
190608009,1,85.2
190609315,0,97.5
190610750,0,37.9
190610834,0,3.1
190611950,0,100.6
190612165,0,144.9
190613449,0,4.9
190615636,0,16.9
190619018,0,177.9
190619595,0,134.9
190620507,0,51.7
190622368,1,31.7
190623461,-1,9.7
190626254,0,23.8
190627481,0,9.0
190628521,0,19.2
190707285,0,36.4
190707308,0,34.3
190712018,1,1.8
190712095,0,6.4
190714573,0,66.0
190716019,-1,61.2
190716917,0,6.9
190719113,1,84.7
190719624,1,175.6
190720613,0,6.1
190720964,0,10.5
190723309,0,24.6
190726642,1,308.0
190726843,0,224.3
190727668,0,47.4
190727846,0,35.1
190731943,0,15.9
190804058,0,4.2
190804792,0,8.4
190805106,0,9.2
190805199,0,21.5
190806535,0,13.8
190806675,0,21.0
190808752,0,31.2
190814837,1,10.0
190817953,0,8.4
190821716,0,59.9
190824616,0,108.5
190825171,1,12.0
190827467,1,43.8
190828542,1,63.5
190828614,1,20.0
190829830,0,59.4
190830023,-1,12.3
190830264,1,5.4
190831332,0,41.0
190831693,0,17.9
190901890,1,473.1
190904174,1,7.7
190906767,0,23.0
190910028,1,9.2
190914345,0,132.1
190915240,0,13.8
190919764,0,42.0
190921699,1,22.3
190923617,0,3.6
190930400,0,185.9
191001279,0,24.0
191008297,0,32.5
191009298,-1,61.7
191011192,0,25.1
191015327,0,8.2
191017391,0,67.8
191017957,1,3.1
191019469,0,11.3
191019970,0,137.7
191022285,1,12.3
191022341,0,77.8
191023630,0,172.5
191026350,0,59.1
191027638,0,7.2
191028174,0,4.9
191028589,0,34.3
191031025,0,200.2
191031635,0,10.0
191031780,0,77.8
191101895,1,10.5
191108003,0,125.7
191110587,1,14.8
191111347,0,5.4
191111364,1,88.1
191111547,0,158.2
191112369,0,50.4
191113578,1,11.8
191125206,-1,77.3
191125634,0,46.3
191129141,0,20.0
191130253,0,121.1
191130507,1,62.0
191202867,1,30.7
191213254,0,18.9
191213784,0,9.2
191220589,0,27.9
191221802,0,2.2
191225309,0,112.4
191225735,0,82.7
191227069,0,25.1
200101861,0,10.0
200103678,1,10.0
200103689,0,68.1
200105914,0,16.9
200109074,0,41.0
200110518,0,153.9
200111633,0,6.0
200112395,1,38.9
200112525,1,4.9
200114153,0,29.7
200117517,0,28.4
200119692,1,19.2
200120962,0,12.8
200122221,-1,2.8
200125864,0,5.8
200127758,0,33.0
200130248,1,56.6
200130417,-1,11.3
200201040,0,12.5
200205845,0,17.4
200207058,1,15.6
200208052,1,21.0
200211310,0,78.6
200211813,0,55.0
200212451,0,10.5
200215611,1,24.3
200216380,0,8.2
200216564,0,12.0
200219317,0,1.2
200219413,0,10.0
200219998,-1,21.6
200223814,0,65.3
200224212,1,299.5
200227306,0,24.3
200228291,1,3.6
200228469,0,14.1
200301320,0,18.2
200303107,0,82.2
200307894,0,1.7
200308941,0,43.0
200311636,1,52.5
200313071,0,13.6
200313456,0,5.2
200317028,0,7.6
200318941,1,10.2
200319323,1,20.5
200320414,0,9.0
200323006,1,7.2
200323782,1,2.1
200325620,1,36.6
200326517,1,96.5
200401292,0,4.5
200402403,-1,55.8
200402688,0,23.8
200402824,1,33.8
200403896,1,58.9
200403919,0,37.4
200403974,1,18.4
200404706,0,26.6
200405394,0,14.8
200407265,0,3.1
200407388,0,47.9
200412290,1,12.6
200412381,1,6.1
200416295,1,9.3
200421865,1,67.1
200425701,0,7.9
200501435,1,1.5
200502574,0,25.3
200503721,0,92.9
200505994,0,10.0
200506020,1,117.0
200506404,0,204.5
200507662,0,55.3
200509818,0,2.2
200509958,1,13.3
200510445,0,10.0
200517786,0,27.4
200522650,1,31.0
200524211,0,37.8
200528436,1,56.6
200529039,0,85.0
200529504,0,46.6
200530031,0,22.5
200531119,0,27.4
200601097,0,153.9
200604778,0,70.4
200604833,-1,11.0
200607921,0,26.6
200609380,0,92.2
200613229,-1,478.0
200614608,0,9.7
200615250,0,49.7
200616048,0,23.3
200616654,0,24.6
200619108,1,28.7
200619252,1,15.1
200619492,1,50.4
200622092,-1,32.0
200625532,0,63.5
200626105,1,3.5
200629535,1,28.2
200630076,0,7.2
200630980,0,102.1
200703970,1,32.5
200706633,0,17.2
200707072,1,17.2
200709147,0,52.0
200711461,1,29.4
200713919,0,5.1
200714247,1,8.7
200714437,1,152.6
200714661,1,3.3
200714774,1,20.7
200716060,1,45.1
200716316,0,51.5
200716957,-1,5.3
200722094,0,64.8
200723691,1,58.1
200724213,0,228.4
200801352,0,30.7
200801650,-1,63.7
200802491,0,91.1
200803149,0,118.3
200809211,0,64.5
200809654,1,17.4
200816486,1,31.5
200817393,1,30.5
200818998,0,4.1
200824594,1,3.6
200826187,0,1.1
200826923,1,7.4
200829582,1,6.9
200830413,0,15.1
200901158,0,10.2
200903031,0,26.9
200903113,0,80.9
200903902,0,7.2
200904085,0,37.6
200906550,0,67.3
200907957,1,140.8
200909168,0,28.1
200914534,0,65.3
200916812,1,108.8
200919569,1,2.6
200919964,1,48.1
200920651,0,1.5
200922753,0,48.9
200924235,1,58.1
200924284,0,7.2
200924386,0,2.8
200925610,0,50.2
200928552,0,14.8
201004094,0,28.4
201004365,0,36.4
201006054,0,4.3
201007123,0,195.3
201008443,0,2.0
201008754,0,55.0
201011629,-1,126.2
201011837,1,56.6
201012233,0,64.0
201016019,0,2.9
201016136,1,165.1
201017407,1,9.0
201019069,1,16.9
201019484,1,13.6
201020241,0,21.5
201020732,-1,15.9
201021111,0,20.5
201021852,1,35.3
201026943,0,281.3
201029847,0,105.5
201031744,0,34.0
201104001,0,52.5
201105215,1,4.6
201105230,-1,17.2
201108645,0,68.9
201116035,0,6.8
201120402,0,8.2
201120442,0,3.1
201121062,0,59.6
201121130,0,15.4
201127147,-1,7.4
201128746,1,11.3
201201120,0,44.3
201207977,1,17.4
201208252,0,44.8
201213746,1,46.3
201215266,1,13.1
201216792,0,77.3
201216963,0,30.0
201217108,1,37.1
201218177,0,14.3
201218798,0,75.3
201221978,0,7.2
201222461,0,7.9
201223173,-1,25.6
201223749,1,33.3
201226553,0,70.9
201228102,0,25.3
201229639,0,77.8
201231447,-1,10.0
201231550,1,21.2
210101620,0,23.3
210102861,0,84.0
210104477,0,31.7
210105669,1,5.1
210108424,1,7.2
210113379,0,38.4
210117458,1,12.5
210120299,0,22.2
210123305,0,13.1
210125369,0,68.9
210126417,0,61.4
210127268,1,33.3
210201567,0,39.7
210202841,1,17.7
210204270,1,206.9
210204777,0,32.0
210207603,0,11.0
210210713,1,64.5
210211363,0,28.7
210213741,0,15.4
210225218,0,87.8
210226197,1,18.9
210227115,1,17.9
210228058,1,3.8
210228277,0,42.8
210303425,0,13.1
210305794,0,61.7
210306162,1,9.5
210306397,0,15.1
210308276,0,5.4
210312169,-1,65.3
210315716,-1,5.6
210317381,1,46.3
210324468,1,31.7
210324809,0,4.9
210324833,0,67.1
210328865,0,54.8
210401970,0,301.1
210405351,0,14.8
210406716,0,21.8
210406949,-1,19.7
210410037,-1,48.1
210411146,1,42.5
210411688,0,60.7
210413991,0,2.0
210415284,0,16.9
210419882,0,37.4
210420215,1,29.4
210421455,0,11.0
210422573,0,11.0
210424694,0,5.9
210427206,0,18.7
210429658,0,12.3
210430904,0,37.1
210501205,1,8.2
210502295,0,5.0
210503815,0,32.8
210504959,0,13.6
210507778,0,2.8
210511458,0,17.9
210511477,1,5.9
210515546,1,1.6
210515623,0,16.4
210516982,0,2.7
210518033,-1,15.1
210518545,0,6.5
210519277,1,25.0
210520797,0,56.1
210524208,1,21.0
210524473,1,31.2
210529996,0,12.3
210531500,0,20.5
210602865,0,14.6
210603907,0,7.9
210605622,0,110.3
210606164,0,11.0
210606945,-1,243.7
210610628,0,8.2
210610827,-1,55.0
210615892,0,6.4
210615982,-1,1.9
210618072,1,3.6
210619532,1,1.3
210619999,0,54.8
210620204,0,53.8
210620666,1,98.3
210621447,0,15.6
210622064,0,40.7
210622440,-1,16.1
210625891,1,4.1
210626345,1,34.0
210626991,0,46.3
210627312,0,12.8
210627748,1,13.8
210704684,0,43.5
210704815,0,4.7
210706346,1,7.2
210706571,0,3.8
210709201,1,31.0
210712405,-1,7.2
210714331,0,42.4
210716485,1,5.2
210719164,0,40.7
210721978,1,10.0
210722871,0,62.0
210723615,1,42.8
210724105,0,13.6
210725048,0,7.0
210725158,-1,47.1
210726106,1,47.9
210727410,0,1.1
210730207,0,4.2
210731092,1,72.4
210731367,-1,28.9
210731931,0,25.9
210801581,0,13.8
210801649,0,5.4
210802839,0,10.2
210803497,-1,9.2
210807525,1,8.7
210807687,0,7.7
210807955,0,125.4
210812011,0,37.6
210812699,1,39.9
210813038,-1,82.4
210815100,0,7.2
210820004,0,13.8
210822273,1,18.6
210822729,0,2.2
210824174,0,40.2
210826293,0,19.7
210827416,0,8.7
210827424,0,35.6
210903077,0,15.9
210903727,1,18.2
210904866,1,3.9
210909447,0,1.4
210912522,0,2.6
210915530,1,113.4
210915630,1,33.5
210917157,0,7.0
210923124,0,128.5
210924960,0,10.2
210925056,0,4.5
210925800,0,229.1
210926044,1,7.4
210926869,0,6.9
210927996,0,32.3
210928761,1,32.8
210929821,0,10.8
211002338,0,13.6
211002740,-1,4.9
211018505,0,24.6
211018697,-1,15.1
211018936,0,123.9
211019250,1,47.4
211021460,0,2.8
211023546,1,79.1
211102338,0,48.9
211102587,-1,19.7
211104765,1,39.7
211107848,0,8.4
211109028,0,9.0
211109113,1,285.7
211112607,-1,111.6
211115688,1,9.0
211116487,0,14.8
211116586,0,20.0
211118985,0,7.2
211120548,0,36.1
211120962,0,5.1
211121434,0,333.1
211129410,0,111.1
211130636,1,218.6
211201863,0,54.8
211204493,0,139.3
211204901,1,17.4
211207416,0,120.3
211210937,0,11.8
211211549,0,34.3
211211909,1,54.3
211212394,0,42.5
211212532,1,21.5
211216282,0,20.2
211216556,0,28.4
211217295,1,4.1
211219622,0,31.7
211219910,1,73.7
211221867,0,14.6
211225014,1,9.5
211229145,0,119.8
211229930,0,24.3
211231292,0,9.2
220101215,1,128.3
220103877,0,6.9
220104167,0,2.6
220107615,0,33.0
220107793,0,24.8
220111807,0,10.5
220114168,0,8.2
220115709,0,25.3
220115943,0,36.6
220117199,0,115.5
220118764,0,18.9
220124074,0,53.8
220130968,1,61.4
220209959,0,200.2
220210998,0,43.5
220211657,0,152.6
220214002,0,78.1
220219473,0,79.6
220222098,0,9.2
220222808,0,10.8
220223094,1,8.7
220228438,0,12.0
220304228,0,31.5
220305481,0,172.8
220305676,1,27.1
220306306,0,4.9
220306761,1,13.3
220308233,0,32.8
220309253,1,62.2
220310122,1,5.4
220316476,1,48.1
220317534,1,14.3
220320194,0,20.0
220321282,0,2.2
220324110,1,44.3
220325879,0,15.9
220326173,0,23.6
220401429,0,39.2
220401896,1,32.0
220403424,1,6.9
220404741,0,82.2
220405258,1,8.2
220407167,0,1.4
220408240,0,17.9
220408311,0,32.5
220411306,0,22.3
220415645,1,23.0
220417578,-1,16.9
220418661,0,2.8
220421346,0,6.4
220426285,0,5.6
220426299,1,87.6
220430900,0,30.5
220501828,0,51.2
220507423,-1,6.0
220508939,0,57.6
220511571,0,16.0
220512211,0,4.5
220514517,0,66.3
220516525,0,17.4
220518717,-1,3.8
220521972,0,13.6
220522110,0,5.8
220523175,1,7.7
220523558,0,7.2
220525008,0,16.1
220527387,1,10.5
220606025,0,19.7
220608211,0,35.3
220608317,0,23.0
220609063,0,11.5
220610295,0,17.7
220610906,0,1.4
220612013,1,15.9
220613395,1,14.8
220617673,0,23.3
220618382,0,43.8
220619207,1,43.8
220620261,1,48.4
220624124,1,285.2
220624431,0,20.2
220627890,1,136.7
220627901,0,127.0
220702569,0,3.8
220702842,0,35.8
220704575,1,22.0
220705282,1,22.0
220711761,0,81.6
220713691,0,10.7
220715368,1,13.3
220715691,0,23.3
220715934,-1,39.7
220724457,1,67.3
220724988,1,35.6
220726405,1,19.5
220727192,0,6.5
220728681,0,1.2
220803402,0,7.9
220807581,1,39.9
220810969,1,9.0
220821296,0,38.1
220823618,0,69.6
220825082,0,14.1
220826218,0,10.5
220826431,0,8.2
220826497,0,16.6
220827896,1,126.7
220829610,1,20.5
220830319,0,61.4
220831550,1,12.0
220831581,0,1.7
220831664,1,2.8
220902438,1,15.9
220903125,0,6.4
220903511,-1,7.4
220905433,1,144.6
220905478,0,12.5
220907587,1,8.7
220909286,0,14.6
220910242,0,4.2
220912035,0,52.0
220915022,0,43.8
220915218,1,18.0
220915400,0,21.5
220917614,0,26.4
220921462,1,210.0
220921473,0,44.3
220924906,1,127.7
220925462,0,56.6
220927234,0,76.8
221005757,1,9.0
221009553,0,325.8
221013029,0,35.1
221016986,1,12.7
221018459,1,226.3
221020225,1,17.4
221021388,0,68.4
221022815,0,6.9
221022955,0,31.7
221023862,-1,39.2
221024542,0,8.4
221027173,1,7.2
221029045,1,27.6
221103285,0,140.3
221107058,1,231.4
221108472,0,15.1
221112263,1,10.8
221115018,0,147.5
221118575,-1,17.9
221119627,0,66.0
221121274,0,40.7
221126547,0,7.4
221201517,1,28.9
221202904,0,26.1
221203537,0,3.5
221203886,0,8.4
221205022,1,49.2
221206464,1,15.9
221206516,0,8.4
221209243,0,4.2
221209877,1,15.6
221210108,0,18.2
221211274,0,4.4
221212278,1,28.2
221215673,0,65.8
221216473,1,184.3
221221944,0,7.4
221226698,1,128.5
221226945,1,4.9
221228204,0,86.3
221231907,0,6.1
230101095,0,83.2
230110649,0,6.8
230111797,1,7.9
230114708,0,23.3
230116205,1,7.9
230116575,1,39.4
230118996,0,7.2
230119558,1,114.4
230124638,0,11.5
230128950,0,119.0
230129246,1,73.0
230129542,0,47.9
230130204,0,1.8
230201060,-1,13.6
230201831,0,84.7
230204906,0,216.1
230207021,0,22.5
230209939,0,67.3
230210260,0,32.5
230215612,1,55.8
230220892,0,28.7
230225460,0,67.8
230225618,1,51.2
230227432,1,15.4
230228244,0,2.3
230301278,1,12.3
230304265,1,254.5
230304608,1,34.8
230304624,1,28.4
230304918,-1,17.2
230305570,0,11.0
230307656,1,34.6
230310031,-1,52.2
230312812,0,11.3
230313485,0,6.5
230314119,1,46.8
230316546,1,30.9
230320150,0,16.1
230320884,1,14.6
230321100,1,6.9
230321182,0,81.9
230322873,0,200.5
230328582,0,92.7
230328621,1,18.9
230330018,0,18.9
230402314,1,62.5
230404958,0,65.8
230405627,0,40.7
230405832,0,4.3
230408442,1,4.5
230409033,0,7.1
230409626,0,20.2
230410476,0,22.3
230421405,0,9.7
230426853,0,25.9
230428381,-1,4.4
230430196,0,12.0
230503847,1,83.5
230506214,1,26.4
230506531,0,38.4
230506715,1,23.0
230510503,0,177.4
230510890,1,466.2
230511145,0,234.2
230511469,0,13.8
230511548,1,63.5
230512269,1,2.6
230513929,1,4.8
230514996,0,5.9
230516743,0,49.9
230517462,0,23.3
230523474,0,18.4
230524239,1,26.9
230524357,0,11.0
230527290,0,105.5
230603525,-1,20.5
230606010,-1,15.6
230608468,1,15.9
230613373,0,17.4
230614009,0,24.1
230614385,0,14.9
230614424,0,6.1
230618227,1,48.6
230621990,-1,32.8
230625767,1,63.2
230626604,0,15.4
230628067,0,28.7
230628849,0,19.2
230701025,0,24.8
230701948,0,2.8
230702527,0,2.4
230703954,1,17.9
230704821,0,21.8
230707141,1,28.9
230709706,1,22.3
230709902,1,3.8
230710826,1,47.6
230712868,-1,16.9
230713999,0,80.1
230715072,0,18.7
230715190,0,135.9
230717117,1,13.8
230718188,-1,24.8
230723488,0,6.1
230727460,0,14.6
230728118,0,18.9
230728560,0,131.6
230802285,0,38.1
230802999,0,63.7
230803061,0,87.6
230803642,0,55.6
230803977,0,27.9
230805475,-1,60.2
230806217,0,48.9
230808451,0,62.5
230808699,1,21.0
230811385,0,9.7
230812395,0,25.6
230812790,0,3.3
230814788,1,69.4
230815451,0,5.2
230817502,0,45.3
230818977,0,10.0
230826814,0,37.4
230827762,0,83.2
230830792,1,21.0
230902615,1,3.6
230903440,0,122.1
230903724,0,2.8
230904853,1,5.6
230910125,0,12.3
230911132,-1,35.8
230911185,0,85.5
230911329,0,45.6
230911686,1,16.4
230913331,0,12.0
230915236,1,34.8
230915288,0,28.9
230918997,0,14.1
230919707,1,2.9
230930917,-1,12.8
231001015,1,39.9
231004350,1,6.1
231017337,0,4.8
231018521,0,39.4
231019715,1,9.5
231020790,1,9.3
231020900,0,22.5
231025283,0,5.9
231028173,-1,34.8
231028935,1,44.8
231030005,1,6.4
231030832,0,10.8
231031144,0,11.5
231101099,-1,9.2
231103612,0,43.5
231104075,1,37.1
231104966,0,13.6
231106759,0,23.6
231108877,1,4.7
231116403,-1,6.9
231118720,0,5.8
231118940,0,6.3
231120016,0,92.4
231123114,-1,3.5
231123809,0,52.5
231124360,0,22.0
231126050,0,14.8
231128489,1,78.8
231129799,1,5.8
231203293,0,36.6
231204833,0,44.8
231206789,0,2.8
231210553,0,79.6
231214850,-1,21.0
231215408,0,16.1
231220674,1,5.1
231222299,0,14.6
231222310,1,120.8
231230062,-1,17.2
240102125,1,26.6
240106024,0,143.9
240106265,-1,33.0
240107803,0,60.2
240109896,0,11.3
240112541,0,15.6
240112734,0,5.3
240112914,0,3.3
240115461,1,1.8
240115698,0,163.1
240118075,0,54.0
240118508,-1,26.6
240118725,-1,30.7
240123742,1,11.5
240129632,-1,28.4
240204630,0,15.9
240205926,1,47.1
240207639,0,22.8
240209263,0,5.4
240213841,0,43.0
240215670,1,28.7
240215828,-1,21.8
240216456,0,2.4
240218084,0,37.6
240220469,0,20.7
240226236,1,20.2
240226815,0,158.7
240227195,1,1.6
240229588,1,28.7
240303513,0,5.9
240303837,1,4.0
240305162,0,7.4
240305409,0,13.1
240306282,1,9.0
240308268,1,77.8
240310236,0,5.9
240314480,0,18.2
240317405,1,14.1
240318119,1,8.4
240320729,0,4.9
240320831,1,9.7
240329905,1,6.4
240331997,0,26.8
240402989,0,10.9
240403149,1,14.6
240403498,0,35.6
240405630,0,65.5
240405932,0,20.0
240407042,0,13.8
240408043,0,219.1
240411073,0,3.5
240415269,0,10.0
240420190,0,18.7
240421405,0,12.3
240422112,1,28.2
240422389,0,42.8
240425015,0,37.4
240428627,0,10.2
240429628,1,2.0
240430806,0,14.6
240501455,0,91.9
240502228,0,22.8
240502600,0,7.2
240504217,0,18.9
240507006,0,58.6
240509721,0,38.7
240511754,0,95.0
240513307,1,6.9
240514169,0,1.4
240514431,1,22.0
240516150,1,46.3
240519213,0,11.3
240521631,0,33.8
240523401,0,8.7
240525697,0,21.8
240527297,0,9.7
240527586,1,24.8
240602419,0,25.4
240603102,0,2.5
240603423,-1,36.9
240604936,0,40.2
240605338,1,17.2
240606565,1,11.0
240607459,0,20.2
240608126,0,16.6
240610002,1,47.4
240611444,0,58.9
240612503,0,123.4
240612511,1,79.4
240613991,1,3.1
240616382,0,9.5
240619155,1,36.1
240619466,0,21.0
240624805,-1,92.2
240625957,0,26.6
240627839,0,23.8
240629704,0,7.2
240702885,0,21.2
240704855,-1,55.0
240710643,0,8.4
240710717,0,20.2
240718270,0,58.6
240720017,0,1.8
240727250,0,18.7
240727994,-1,11.8
240731597,0,11.3
240801138,0,29.7
240804796,0,52.7
240805085,0,10.8
240807238,0,7.7
240810880,0,1.5
240814164,1,14.6
240814483,1,12.0
240814785,1,65.0
240821721,1,67.3
240821775,1,1.7
240824549,0,1.5
240824640,0,13.1
240825662,0,4.0
240828622,0,41.5
240829058,0,11.5
240905053,-1,6.2
240905186,0,1.3
240905357,0,6.0
240905443,0,16.9
240910167,1,272.4
240910488,1,1.4
240912074,0,88.6
240913140,0,31.7
240913488,1,6.3
240914298,0,12.3
240916058,0,32.0
240918872,0,11.3
240929826,1,13.3
240930721,1,64.5
241002260,0,64.3
241008917,0,52.7
241010743,0,6.7
241013936,0,29.1
241016073,0,1.5
241024647,0,3.5
241025067,0,123.9
241025650,1,5.0
241026946,1,16.4
241029097,-1,13.3
241030242,0,165.6
241030774,0,6.8
241104771,0,10.5
241105671,1,91.8
241114960,0,4.4
241115191,0,5.1
241115554,0,3.1
241115755,0,70.7
241117125,0,8.9
241119350,1,21.0
241120246,-1,3.2
