burst_id,cluster_label
80714745,1
80715950,1
80717543,1
80719529,1
80723557,1
80723985,-1
80724401,1
80725435,1
80727964,1
80730520,1
80730786,1
80804456,1
80805496,1
80805584,-1
80806584,1
80807993,1
80808451,1
80808565,1
80810549,1
80812889,1
80816503,1
80817161,1
80817720,-1
80818579,1
80818945,1
80821332,1
80823363,1
80824909,1
80825593,1
80828189,-1
80829790,-1
80830368,1
80904886,1
80905570,1
80905705,1
80906212,1
80912360,1
80913735,1
80916009,1
80916406,1
80924766,-1
80925775,1
80927480,1
80928628,1
81003644,1
81006604,1
81006872,1
81008832,1
81009140,1
81009690,1
81012549,1
81017474,1
81021398,1
81022364,-1
81025349,1
81028538,1
81101532,1
81102365,1
81102739,1
81107321,1
81109293,-1
81110601,1
81118876,1
81120618,1
81121858,1
81122520,-1
81124060,1
81125496,1
81126899,1
81129161,1
81130212,1
81204004,-1
81206275,1
81206604,1
81215784,1
81217983,1
81221681,1
81222204,1
81224887,1
81231140,1
90101758,-1
90102122,1
90109332,1
90112332,1
90112729,1
90113778,1
90117335,1
90117640,1
90120627,1
90126227,1
90129880,1
90131090,1
90202347,1
90207777,1
90213236,1
90217206,1
90222179,1
90225009,-1
90227310,1
90228976,1
90301315,1
90305052,1
90306245,1
90307167,1
90308734,1
90309767,-1
90310189,1
90320045,1
90320418,-1
90320801,1
90323002,1
90326633,1
90327404,1
90328401,1
90330279,1
90411838,1
90411991,1
90419997,1
90422150,1
90423330,1
90424592,1
90425377,1
90426066,1
90426690,1
90427644,1
90427688,1
90428441,1
90428552,1
90429530,1
90502777,1
90509215,1
90510325,1
90511684,1
90513941,1
90514006,1
90514726,1
90514734,1
90516137,1
90516853,1
90518080,1
90518244,1
90519462,1
90519881,1
90520850,1
90520876,1
90522344,1
90524346,1
90528173,1
90528516,1
90529310,1
90529564,1
90530760,1
90602564,1
90608052,1
90610648,1
90610723,-1
90610883,-1
90612619,1
90618353,1
90620400,1
90621185,1
90621417,1
90621447,1
90623107,1
90623913,1
90625234,1
90625560,1
90626189,1
90629543,1
90630311,1
90701225,1
90703329,1
90704783,1
90706283,1
90708152,1
90709630,1
90713020,1
90717034,1
90718762,1
90719063,1
90720276,1
90720710,1
90725838,1
90730608,1
90802666,1
90804940,1
90805622,1
90807832,1
90809978,1
90810659,1
90810781,1
90811696,1
90813174,1
90814950,1
90815438,1
90815946,1
90820027,1
90820509,1
90824918,1
90826068,1
90828099,1
90829672,1
90829702,1
90831317,1
90902462,1
90904581,1
90907017,-1
90908341,1
90910812,-1
90912660,1
90915650,1
90917661,1
90920035,1
90922539,1
90922605,1
90925389,1
90926181,1
90926914,1
90928646,1
90929190,1
91002685,1
91003191,1
91005679,1
91010113,1
91013989,1
91015129,1
91017861,1
91017985,1
91020900,1
91020977,1
91023021,1
91024372,1
91024380,-1
91026485,1
91026550,-1
91030613,1
91030828,1
91031500,1
91101143,1
91102607,1
91103912,-1
91107635,1
91109895,1
91112737,1
91112928,1
91115177,1
91117080,1
91120191,1
91122163,1
91123081,1
91123298,1
91127976,1
91128285,1
91201089,1
91202072,1
91207333,1
91208410,1
91215234,1
91219462,1
91220442,1
91223511,1
91227294,-1
91230260,1
91231206,1
91231540,1
100111176,1
100112418,1
100116897,-1
100118100,1
100122616,-1
100126460,1
100130729,1
100130777,1
100131730,1
100201588,1
100205490,1
100207665,1
100207721,1
100211440,1
100212550,1
100212588,1
100218194,1
100224112,1
100225115,1
100225580,1
100225703,1
100228544,1
100228873,1
100301223,1
100302061,-1
100304004,1
100304534,1
100307928,1
100311518,1
100313288,1
100318611,1
100322045,1
100323542,1
100324172,1
100325246,1
100325275,1
100330309,1
100401297,1
100406758,1
100410356,1
100410740,1
100413732,-1
100414097,1
100417789,1
100420008,1
100421917,1
100423244,1
100424729,1
100424876,1
100427356,-1
100429999,-1
100502356,1
100503554,-1
100506653,1
100507577,1
100510810,-1
100511035,1
100513879,1
100515467,1
100517072,1
100517132,1
100517154,1
100517243,1
100517639,1
100519204,1
100522157,1
100525744,1
100528075,1
100530737,1
100604287,1
100605774,1
100608382,1
100609783,1
100612726,1
100614498,1
100615083,1
100619015,1
100620119,1
100621452,-1
100625891,1
100701490,-1
100704149,1
100707032,1
100709602,1
100714686,-1
100715477,-1
100717372,1
100717446,1
100718796,1
100719311,1
100719825,1
100719989,1
100722096,1
100724029,1
100725475,1
100727238,1
100728095,1
100728439,1
100730463,1
100804104,1
100805845,1
100810049,-1
100811781,1
100814160,1
100814351,1
100816026,1
100819498,1
100820373,1
100825287,1
100826957,1
100829374,1
100829876,1
100902990,1
100905907,1
100906576,1
100907751,1
100910818,1
100911816,1
100915243,1
100916779,1
100918863,1
100919884,-1
100922625,1
100923844,-1
100926694,1
100929235,1
101002279,1
101003244,1
101008697,1
101010190,1
101011707,1
101013412,1
101014175,1
101015558,1
101016243,1
101017619,-1
101021009,1
101023951,1
101024486,1
101025146,1
101025267,1
101101744,1
101101899,1
101107011,1
101112924,1
101112984,-1
101113483,1
101123952,1
101126198,1
101127093,1
101127102,1
101128322,1
101201418,-1
101202154,-1
101205309,1
101206036,1
101207536,1
101208498,1
101211485,-1
101213849,1
101216721,-1
101219686,1
101220576,1
101224227,1
101224578,1
101224614,1
101224998,1
101225377,1
101227195,1
101227406,1
101227536,-1
101231067,1
110101202,1
110102788,1
110105877,-1
110108977,1
110112934,1
110117364,1
110117626,1
110118857,1
110119931,1
110120666,1
110123804,-1
110125894,-1
110128073,1
110130230,1
110201399,1
110204179,1
110205027,1
110206202,1
110207470,1
110207959,1
110209165,1
110213220,1
110217591,1
110220761,1
110221244,-1
110226989,-1
110227229,1
110227420,-1
110228011,1
110301214,1
110302043,1
110304071,1
110311812,1
110318552,1
110319815,1
110321346,1
110322558,1
110328520,1
110331604,1
110401920,-1
110402009,1
110407998,1
110410133,-1
110410772,1
110411629,1
110412315,1
110415541,1
110421757,1
110430375,1
110503145,1
110505203,1
110509142,1
110511616,1
110517573,1
110520302,1
110521478,-1
110522296,-1
110522633,1
110523344,1
110529262,1
110529811,1
110531448,1
110601681,-1
110605183,1
110605780,1
110609185,1
110609425,1
110610640,1
110613631,1
110618366,1
110622158,1
110625579,1
110625881,-1
110626448,-1
110629174,1
110702187,1
110703557,1
110705364,1
110706202,1
110706477,1
110706728,1
110709463,1
110709642,1
110709862,1
110716018,1
110717319,-1
110720177,1
110721200,1
110722694,1
110722710,-1
110725236,1
110726211,1
110729142,1
110730660,1
110731465,1
110803783,1
110806934,1
110809461,1
110812899,1
110813237,1
110819665,1
110820476,1
110824009,1
110825102,1
110825265,1
110831282,1
110901230,1
110903009,1
110903111,1
110904124,1
110904163,1
110904531,1
110906302,-1
110909116,1
110911071,1
110919634,1
110920338,1
110920546,1
110921444,1
110921912,1
110923481,-1
110923835,1
110926107,1
110928180,1
110929187,1
110930564,1
111003465,1
111005398,1
111008992,1
111009282,1
111010237,1
111010660,-1
111010709,1
111010899,1
111011094,1
111012456,1
111012811,1
111015427,1
111018595,1
111018785,-1
111024722,1
111025078,1
111103441,1
111107035,1
111107076,1
111109453,1
111109873,1
111113410,1
111114233,1
111120556,1
111124308,1
111127810,1
111201599,1
111203054,1
111203609,1
111208353,1
111216389,1
111220486,1
111221739,1
111226795,1
111228453,1
111228657,1
111230683,1
111230819,-1
120102095,1
120102416,1
120105584,1
120107384,1
120109824,1
120111051,1
120114433,1
120114681,1
120117291,1
120118709,1
120118898,1
120119170,1
120119229,-1
120119354,1
120121101,1
120121251,1
120129580,1
120130699,1
120130906,1
120130938,1
120203812,1
120204054,1
120206949,1
120210650,1
120212383,1
120213606,1
120217808,-1
120217904,1
120219563,1
120220210,1
120222119,1
120223933,1
120224282,1
120224898,1
120226447,1
120226871,-1
120227391,1
120227725,1
120302080,1
120302722,1
120304061,-1
120304248,1
120308588,1
120312671,1
120314412,1
120316008,-1
120319983,1
120323162,-1
120326056,1
120328268,1
120331055,1
120402669,1
120403857,1
120411925,1
120412055,1
120412920,1
120415076,1
120415958,1
120420249,1
120420858,-1
120426090,1
120426585,1
120427054,-1
120427153,-1
120429003,1
120429484,1
120430980,-1
120504468,1
120504945,1
120506128,1
120511638,1
120512112,1
120513531,1
120520949,1
120521380,-1
120522361,1
120528442,1
120530121,1
120531393,-1
120604220,1
120604343,1
120605453,1
120611108,1
120612680,1
120618128,1
120624933,1
120625119,1
120703417,1
120703498,1
120703726,-1
120707800,1
120709883,1
120710100,1
120711115,-1
120711446,1
120712571,1
120713226,1
120715066,-1
120716577,1
120716712,1
120719146,1
120727681,1
120728434,-1
120728934,1
120729456,1
120801920,1
120806007,1
120811649,1
120819048,1
120820585,1
120824594,1
120827216,1
120830212,1
120830702,1
120905657,1
120907017,1
120908873,1
120908938,-1
120909070,-1
120911298,1
120913846,-1
120913997,1
120914144,1
120915474,1
120916173,1
120919052,1
120919309,1
120919816,-1
120921877,1
120926335,1
120926426,1
120926753,1
121005030,1
121005340,-1
121008424,1
121011469,1
121019233,1
121028280,1
121029350,1
121031949,-1
121102064,1
121104627,1
121109338,1
121112806,1
121113544,1
121117018,1
121118576,-1
121119579,-1
121122564,1
121122870,1
121122885,1
121123442,1
121125356,1
121125469,1
121128212,1
121211574,1
121211695,1
121216419,1
121217313,1
121220311,1
121221916,1
121223300,1
121225417,-1
121229533,1
121231445,1
130104721,1
130106829,1
130109206,1
130112286,1
130112353,-1
130114019,-1
130115716,1
130116415,1
130117087,1
130118482,1
130121835,1
130123843,1
130131511,1
130206482,1
130206817,-1
130208684,1
130209961,1
130214137,1
130214800,1
130215063,-1
130215649,1
130216790,-1
130216927,1
130217688,1
130218261,1
130219197,1
130219775,1
130220964,1
130224370,1
130228111,1
130228212,1
130304410,1
130304658,1
130305486,1
130306991,1
130307238,1
130310840,1
130314147,-1
130318456,1
130320560,1
130324042,-1
130325203,1
130327350,1
130331566,1
130404428,1
130404840,1
130406288,1
130406334,1
130406354,1
130408653,1
130409960,1
130418844,1
130420313,1
130420343,1
130420422,-1
130420539,1
130425327,1
130427324,1
130502327,1
130502743,1
130504978,1
130505955,1
130507545,1
130509078,1
130510877,1
130514560,1
130515430,1
130515755,1
130517781,1
130518551,1
130518580,1
130522510,1
130523095,1
130523198,1
130527627,1
130528503,1
130528695,1
130530719,1
130604033,1
130606316,1
130606497,1
130609129,1
130609902,1
130612141,1
130612456,1
130614997,1
130615398,1
130620498,1
130623130,1
130623488,1
130623699,1
130623790,1
130626596,1
130627372,1
130628531,1
130630272,1
130701060,-1
130701761,1
130702004,1
130702951,1
130704560,1
130708488,1
130715906,1
130716352,1
130717734,1
130720116,1
130720582,1
130722021,1
130722990,-1
130723092,1
130725527,1
130727698,-1
130730243,1
130803419,1
130811186,1
130813791,1
130815420,1
130815660,1
130816074,-1
130818941,1
130821674,1
130828306,1
130828808,1
130829672,1
130830864,1
130830921,1
130831058,1
130903033,1
130905377,1
130906222,-1
130906435,1
130919985,1
130924910,1
130925164,1
130925173,1
130925546,1
130928537,1
130929375,1
131002288,1
131006840,-1
131008858,1
131011741,1
131014215,1
131014513,1
131021352,1
131028076,1
131029973,1
131029990,-1
131030653,1
131030791,1
131031482,1
131105087,-1
131108024,1
131108862,1
131113483,1
131118958,1
131119781,1
131122490,1
131123543,1
131127592,1
131127696,1
131202633,1
131204937,1
131209547,1
131209963,-1
131212814,1
131214705,1
131215298,1
131216081,-1
131217183,1
131217506,1
131229277,1
131230529,-1
131230808,1
131231198,1
140102887,1
140104731,1
140106345,-1
140108721,1
140110263,1
140110814,1
140112060,1
140113183,-1
140113624,1
140115863,1
140115899,1
140118064,1
140122597,-1
140124527,1
140126815,1
140204547,1
140206275,1
140206304,-1
140211091,1
140213807,1
140216331,1
140217043,1
140219824,-1
140223495,1
140224382,1
140224788,1
140227738,1
140302342,1
140304557,1
140304849,1
140306146,1
140308710,-1
140311453,1
140311618,1
140319964,1
140322424,1
140323433,1
140327065,1
140328560,-1
140329295,1
140330180,1
140404030,1
140404900,-1
140405033,1
140406120,1
140406144,1
140408553,1
140414693,1
140416060,-1
140422194,1
140427702,1
140429975,1
140430716,1
140501497,1
140502354,1
140506880,1
140508128,1
140508629,1
140511095,1
140511995,1
140512814,1
140513724,1
140516700,1
140516765,1
140517813,1
140519043,-1
140521732,1
140523129,1
140526449,1
140528837,-1
140603476,1
140606133,1
140608153,1
140608713,1
140610548,1
140612294,1
140619475,1
140620219,1
140621827,1
140623224,1
140626843,1
140627401,1
140628704,1
140701567,-1
140701833,1
140703026,-1
140705539,1
140706815,1
140709051,1
140709637,1
140710901,1
140712973,1
140713780,-1
140714268,1
140715231,-1
140716306,-1
140716436,1
140717827,1
140721336,1
140723067,1
140723499,1
140725583,1
140727748,1
140729026,1
140801792,1
140808038,1
140809133,-1
140810782,1
140817229,-1
140817293,1
140818229,-1
140818781,-1
140821997,-1
140824548,1
140824606,1
140825328,1
140827763,1
140828288,1
140831374,1
140901262,1
140906175,1
140906429,1
140907429,1
140911012,1
140916234,1
140917512,1
140918379,-1
140919636,1
140928100,1
140928437,1
140929677,1
140930134,1
141003564,-1
141003788,-1
141004150,1
141004973,1
141005217,1
141005535,1
141011467,1
141012773,-1
141013803,1
141016897,1
141022087,1
141026742,1
141028455,-1
141029134,1
141030746,1
141031257,1
141031304,-1
141102536,1
141102779,1
141105358,1
141105406,1
141109447,1
141112539,1
141112828,-1
141114687,1
141118678,1
141121414,1
141122875,1
141202470,-1
141205763,1
141206254,1
141207800,1
141208038,1
141209131,1
141215560,1
141220252,1
141221338,1
141221897,1
141222298,1
141222691,-1
141223240,1
141225959,1
141229492,1
141229911,1
141230142,1
141230834,1
150105257,1
150110433,1
150110923,1
150118409,1
150120685,1
150122960,1
150126868,1
150127398,1
150127589,1
150127935,1
150128791,1
150131335,1
150131951,1
150201574,1
150202999,1
150203545,1
150204272,1
150206285,1
150206407,1
150210935,1
150213001,1
150220598,1
150222450,-1
150226545,1
150226948,1
150227702,1
150228845,1
150228981,1
150301818,1
150303516,1
150305724,1
150306993,1
150309958,1
150313657,1
150314205,1
150316400,-1
150318521,1
150319271,1
150322066,1
150323395,1
150323712,1
150324164,1
150324319,1
150326521,1
150326542,1
150329288,1
150330828,1
150403913,1
150404733,1
150411026,1
150415029,1
150416773,1
150418819,1
150422294,1
150422703,1
150423285,1
150424403,1
150425617,1
150426594,1
150428305,1
150430015,1
150501017,1
150502435,1
150506398,1
150507026,-1
150508945,1
150510139,1
150511362,1
150512432,1
150513856,1
150514774,1
150520893,-1
150522433,1
150523396,1
150523690,1
150527283,1
150527662,1
150528656,1
150530488,1
150602840,-1
150603105,1
150603823,1
150604284,1
150607330,1
150612702,1
150613420,1
150614073,1
150618674,1
150619287,1
150622393,1
150627183,1
150630223,1
150630958,1
150702998,1
150703149,1
150703259,1
150705009,1
150710646,1
150711766,1
150712846,1
150716552,1
150717795,1
150718656,-1
150721242,1
150721732,1
150723608,1
150724398,1
150724782,-1
150726877,1
150728151,1
150729517,1
150802127,-1
150802207,1
150804806,-1
150805445,1
150806348,1
150809516,1
150810485,1
150815604,1
150817087,1
150817251,1
150820880,1
150821406,-1
150822178,1
150824079,1
150824125,1
150826557,1
150827785,1
150828333,1
150828901,1
150830128,1
150831930,1
150902733,1
150904479,1
150908408,1
150911315,1
150911588,1
150912443,1
150913161,1
150919606,1
150922718,1
150922883,1
150923864,1
150923995,-1
150928359,-1
151001348,1
151003729,1
151006413,1
151009949,-1
151011136,1
151014592,1
151021791,1
151023104,1
151024179,1
151026169,-1
151026523,1
151027166,1
151030999,1
151107851,1
151111356,1
151117442,1
151118554,1
151120349,1
151122709,1
151126293,1
151129333,1
151130160,1
151205657,-1
151211672,1
151212030,1
151212064,1
151218857,1
151219567,-1
151227072,1
151227218,1
151228949,1
151229285,1
151231443,1
160101030,-1
160101215,1
160102500,1
160102936,1
160104475,1
160104918,1
160106948,1
160107931,1
160111115,1
160113398,1
160118060,1
160123095,1
160125368,1
160131116,1
160131174,1
160201883,1
160206430,1
160215773,1
160216801,1
160218711,1
160219289,1
160219673,1
160220868,1
160221993,-1
160223072,1
160223416,1
160223670,1
160225720,1
160225809,-1
160226913,1
160227831,1
160228034,1
160301215,-1
160303201,-1
160303971,1
160308709,1
160310291,-1
160314929,1
160316139,1
160316573,1
160318342,1
160323293,-1
160325291,1
160326062,1
160330827,1
160401065,1
160406023,1
160407673,1
160419637,1
160421137,1
160422499,1
160423066,1
160424492,1
160508290,1
160509374,1
160512199,1
160512536,1
160513553,1
160513962,1
160515819,1
160516237,1
160518039,1
160519012,1
160519060,1
160519677,1
160521385,1
160521839,1
160522445,-1
160523919,-1
160527080,1
160528276,-1
160530667,1
160605847,-1
160609941,1
160621497,1
160623209,1
160625230,1
160625240,1
160625945,1
160628136,1
160628579,1
160629930,1
160709370,1
160709826,1
160710233,-1
160711968,-1
160716144,1
160717813,1
160718975,1
160720275,1
160720767,1
160721806,1
160724444,1
160727971,1
160731024,1
160802259,-1
160804065,1
160804775,-1
160806584,1
160813297,-1
160815490,1
160816414,1
160816730,1
160818198,-1
160818230,1
160819852,1
160821857,1
160824598,1
160825799,-1
160826938,1
160827616,1
160827837,1
160831411,1
160905471,1
160908136,1
160909061,1
160910722,1
160912350,-1
160912521,1
160917456,1
160917479,1
160917921,1
160919613,1
160919858,-1
160920249,1
160921087,1
160922856,1
160924253,1
160925221,1
160928825,-1
160929529,1
161001045,1
161004964,1
161005977,1
161007009,1
161009651,1
161012214,1
161012416,1
161012637,1
161013948,1
161014522,-1
161015710,1
161017745,1
161020024,1
161020759,1
161020767,-1
161022114,1
161105417,-1
161106499,1
161106786,1
161109263,1
161110179,1
161111197,1
161112496,1
161117066,1
161119633,1
161125931,-1
161128216,1
161129300,1
161201342,1
161205561,1
161206064,1
161207224,1
161207813,1
161210524,1
161213295,1
161214722,1
161217128,-1
161218356,1
161220605,1
161227498,1
161228032,1
161228388,1
161228405,1
161228553,1
161229878,1
161230511,1
170101116,1
170101374,1
170106968,1
170110967,1
170111815,-1
170112970,1
170113420,1
170114833,-1
170114917,1
170115662,1
170115743,1
170119228,1
170120471,-1
170121067,1
170121133,-1
170121614,1
170124238,1
170124874,1
170125022,1
170126480,1
170127634,1
170130302,-1
170130510,-1
170130697,1
170131969,1
170205521,1
170206453,1
170207906,1
170208553,1
170208758,1
170208940,1
170209048,1
170210116,1
170212034,1
170214649,1
170219110,1
170222209,1
170228773,1
170228794,1
170301812,1
170302166,1
170302719,1
170302876,1
170306130,1
170306588,1
170307851,1
170308221,1
170310417,1
170310883,1
170313125,1
170315582,1
170316710,1
170317666,1
170318644,1
170323058,1
170323775,1
170326489,-1
170329387,1
170402285,1
170402961,1
170403707,1
170405777,1
170412917,1
170412988,-1
170414551,1
170416583,1
170419898,1
170419983,1
170422343,1
170423719,1
170423872,1
170429799,-1
170501467,1
170510217,1
170511249,1
170511477,1
170511648,-1
170514152,1
170514180,-1
170516808,1
170520202,1
170521882,1
170522657,1
170527480,1
170530581,1
170606968,1
170607946,1
170607971,-1
170610689,1
170611937,1
170614255,1
170614486,1
170614505,1
170616047,1
170616165,-1
170618475,1
170621784,1
170626401,1
170627931,1
170629537,1
170705115,1
170705200,-1
170705244,1
170709334,1
170710340,1
170711019,1
170711931,1
170717952,1
170718152,1
170722525,1
170723677,1
170723882,1
170724543,1
170726794,1
170727841,1
170728961,1
170730133,1
170801690,1
170802638,1
170803415,1
170803729,1
170804911,-1
170805901,1
170808065,1
170808936,1
170810918,1
170813051,1
170816258,-1
170816599,1
170817908,1
170821265,1
170825307,1
170825500,1
170825784,1
170826819,1
170829414,1
170829674,1
170830069,1
170830135,1
170830328,1
170831179,1
170901007,1
170901255,1
170901345,1
170903534,1
170906030,1
170906039,1
170906485,1
170911267,1
170912273,-1
170915161,1
170921168,-1
170923101,1
170923188,1
170926528,1
170928607,1
170929513,1
170929699,1
171002969,1
171004857,1
171007498,1
171009138,1
171010792,1
171010875,1
171011162,1
171013350,1
171017823,1
171020813,1
171022085,-1
171022885,1
171025213,1
171025913,1
171029020,1
171102107,1
171106498,-1
171112868,1
171117515,1
171119992,1
171120556,-1
171124235,1
171126216,1
171126235,1
171201068,1
171202113,-1
171206122,1
171207809,1
171208733,1
171209671,1
171210493,1
171211844,1
171212222,1
171212434,1
171212948,1
171215705,1
171227000,1
171230048,1
171230955,1
180102660,-1
180111815,-1
180112842,-1
180113011,1
180113116,1
180113418,1
180116026,1
180116678,1
180119837,1
180120207,1
180122129,1
180124392,1
180125891,-1
180126095,-1
180127049,1
180127879,1
180130049,-1
180204109,1
180205184,1
180205323,1
180208764,1
180210517,1
180211754,1
180218635,1
180219482,1
180222239,1
180305393,1
180306479,1
180307073,1
180309322,1
180330891,1
180401280,-1
180401846,1
180403565,1
180404091,1
180409346,1
180411519,1
180412425,1
180413118,1
180416340,1
180416924,1
180418281,-1
180420031,1
180420107,1
180423033,1
180423266,1
180426005,1
180427442,1
180428102,1
180504136,1
180505540,1
180506077,1
180506902,1
180511437,1
180511606,-1
180515814,1
180516229,1
180517309,1
180521935,1
180522607,-1
180522678,1
180523782,1
180524416,1
180524920,-1
180528371,1
180528465,1
180605458,1
180606730,1
180610377,1
180610568,1
180610791,1
180611145,-1
180612785,-1
180614327,1
180615462,1
180618030,1
180618724,1
180620354,1
180620660,1
180622273,1
180623849,1
180630335,1
180630467,1
180701469,1
180703876,1
180703949,1
180706351,1
180709099,1
180710062,1
180712358,1
180715087,1
180715741,1
180718201,1
180718763,1
180720213,1
180720598,-1
180720933,1
180722120,1
180722418,1
180722993,1
180723133,1
180723757,1
180724807,1
180724984,1
180728575,1
180728728,1
180731891,1
180801492,1
180804554,1
180804765,1
180804909,1
180804931,1
180806665,1
180806944,1
180807097,1
180809485,1
180810278,1
180812349,1
180814505,-1
180816088,1
180816930,-1
180818520,1
180822423,-1
180822562,-1
180823442,1
180826055,-1
180828790,1
180905400,1
180906597,1
180906759,1
180910032,1
180910156,1
180912274,1
180914522,1
180917477,1
180922461,1
180922734,1
180923931,1
180927993,1
181002617,1
181007385,1
181007737,1
181008269,1
181008877,1
181014479,-1
181020424,1
181020792,1
181022846,1
181026540,1
181027076,1
181028590,-1
181029892,1
181103046,-1
181111654,1
181116484,1
181117663,1
181119606,1
181119649,-1
181120265,1
181122381,1
181125092,1
181125371,1
181126413,1
181126729,1
181127274,-1
181128751,1
181203880,1
181206970,1
181208188,1
181212693,-1
181215110,-1
181216551,-1
181217665,1
190102258,1
190106866,1
190107050,1
190109217,-1
190109497,1
190110726,1
190114873,-1
190117369,-1
190119249,1
190122305,1
190123513,1
190129515,1
190129539,1
190131109,1
190131964,1
190215772,1
190217188,1
190222312,1
190222537,1
190228973,1
190303240,-1
190304371,1
190306943,1
190307151,1
190308923,1
190310398,1
190311600,1
190312446,1
190315512,1
190319353,1
190319375,1
190321363,1
190323179,1
190323303,-1
190323879,1
190324348,-1
190324947,1
190325999,-1
190326314,1
190326975,1
190327111,1
190330694,1
190331093,1
190401139,-1
190404293,1
190406450,1
190406465,1
190406745,1
190407575,1
190407672,1
190407788,1
190411407,1
190411579,1
190415173,1
190419414,1
190420981,1
190422284,1
190422670,1
190422957,1
190425089,1
190428783,1
190429743,-1
190502168,1
190504415,1
190507270,1
190507970,1
190508808,1
190508987,1
190511302,1
190515190,1
190517813,1
190519309,-1
190530430,1
190531312,1
190531840,1
190603795,1
190604446,1
190605974,-1
190607071,1
190608009,1
190609315,1
190610750,1
190610834,1
190611950,1
190612165,1
190613449,1
190615636,1
190619018,-1
190619595,1
190620507,1
190622368,1
190623461,1
190626254,1
190627481,1
190628521,1
190707285,1
190707308,1
190712018,1
190712095,1
190714573,1
190716019,1
190716917,1
190719113,1
190719624,1
190720613,1
190720964,1
190723309,1
190726642,1
190726843,1
190727668,1
190727846,1
190731943,1
190804058,1
190804792,-1
190805106,-1
190805199,-1
190806535,1
190806675,-1
190808752,-1
190814837,1
190817953,1
190821716,1
190824616,1
190825171,1
190827467,1
190828542,1
190828614,1
190829830,1
190830023,1
190830264,1
190831332,1
190831693,1
190901890,-1
190904174,1
190906767,1
190910028,1
190914345,1
190915240,1
190919764,1
190921699,1
190923617,1
190930400,-1
191001279,1
191008297,-1
191009298,1
191011192,1
191015327,1
191017391,1
191017957,-1
191019469,1
191019970,1
191022285,1
191022341,1
191023630,1
191026350,1
191027638,1
191028174,-1
191028589,1
191031025,1
191031635,1
191031780,1
191101895,1
191108003,1
191110587,1
191111347,1
191111364,1
191111547,-1
191112369,1
191113578,1
191125206,-1
191125634,1
191129141,1
191130253,1
191130507,1
191202867,1
191213254,1
191213784,1
191220589,1
191221802,1
191225309,1
191225735,1
191227069,1
200101861,1
200103678,1
200103689,1
200105914,1
200109074,1
200110518,1
200111633,1
200112395,1
200112525,1
200114153,1
200117517,1
200119692,1
200120962,1
200122221,1
200125864,-1
200127758,-1
200130248,1
200130417,1
200201040,1
200205845,1
200207058,1
200208052,1
200211310,1
200211813,1
200212451,-1
200215611,1
200216380,1
200216564,-1
200219317,1
200219413,1
200219998,1
200223814,1
200224212,1
200227306,1
200228291,1
200228469,1
200301320,1
200303107,1
200307894,1
200308941,1
200311636,1
200313071,1
200313456,1
200317028,1
200318941,1
200319323,1
200320414,1
200323006,-1
200323782,1
200325620,1
200326517,1
200401292,1
200402403,1
200402688,-1
200402824,1
200403896,1
200403919,1
200403974,1
200404706,1
200405394,1
200407265,-1
200407388,1
200412290,1
200412381,1
200416295,1
200421865,1
200425701,1
200501435,1
200502574,1
200503721,1
200505994,1
200506020,1
200506404,1
200507662,1
200509818,1
200509958,1
200510445,1
200517786,1
200522650,1
200524211,1
200528436,1
200529039,1
200529504,1
200530031,-1
200531119,1
200601097,1
200604778,1
200604833,1
200607921,1
200609380,1
200613229,1
200614608,1
200615250,1
200616048,1
200616654,1
200619108,1
200619252,1
200619492,1
200622092,1
200625532,1
200626105,1
200629535,1
200630076,1
200630980,1
200703970,1
200706633,-1
200707072,1
200709147,1
200711461,1
200713919,-1
200714247,1
200714437,1
200714661,1
200714774,1
200716060,1
200716316,1
200716957,-1
200722094,1
200723691,1
200724213,1
200801352,1
200801650,1
200802491,1
200803149,1
200809211,1
200809654,1
200816486,1
200817393,1
200818998,1
200824594,1
200826187,1
200826923,1
200829582,-1
200830413,1
200901158,1
200903031,1
200903113,1
200903902,1
200904085,1
200906550,1
200907957,1
200909168,1
200914534,1
200916812,1
200919569,1
200919964,1
200920651,1
200922753,1
200924235,1
200924284,-1
200924386,1
200925610,1
200928552,1
201004094,1
201004365,1
201006054,1
201007123,1
201008443,1
201008754,1
201011629,1
201011837,1
201012233,1
201016019,1
201016136,1
201017407,1
201019069,1
201019484,-1
201020241,1
201020732,1
201021111,-1
201021852,1
201026943,1
201029847,1
201031744,1
201104001,1
201105215,1
201105230,1
201108645,1
201116035,1
201120402,1
201120442,-1
201121062,1
201121130,1
201127147,1
201128746,1
201201120,1
201207977,1
201208252,1
201213746,1
201215266,1
201216792,1
201216963,1
201217108,-1
201218177,1
201218798,-1
201221978,1
201222461,1
201223173,1
201223749,1
201226553,1
201228102,1
201229639,-1
201231447,1
201231550,1
210101620,1
210102861,-1
210104477,1
210105669,-1
210108424,1
210113379,1
210117458,1
210120299,1
210123305,1
210125369,1
210126417,1
210127268,1
210201567,-1
210202841,1
210204270,1
210204777,1
210207603,1
210210713,1
210211363,1
210213741,1
210225218,-1
210226197,1
210227115,1
210228058,1
210228277,1
210303425,1
210305794,1
210306162,1
210306397,1
210308276,1
210312169,1
210315716,1
210317381,1
210324468,1
210324809,1
210324833,1
210328865,1
210401970,1
210405351,1
210406716,-1
210406949,1
210410037,1
210411146,1
210411688,-1
210413991,1
210415284,1
210419882,-1
210420215,-1
210421455,1
210422573,1
210424694,-1
210427206,1
210429658,1
210430904,-1
210501205,1
210502295,-1
210503815,1
210504959,1
210507778,1
210511458,-1
210511477,1
210515546,1
210515623,1
210516982,1
210518033,1
210518545,1
210519277,1
210520797,-1
210524208,1
210524473,1
210529996,1
210531500,1
210602865,1
210603907,-1
210605622,1
210606164,-1
210606945,1
210610628,1
210610827,1
210615892,-1
210615982,-1
210618072,1
210619532,-1
210619999,1
210620204,1
210620666,1
210621447,-1
210622064,1
210622440,1
210625891,1
210626345,1
210626991,1
210627312,1
210627748,1
210704684,1
210704815,-1
210706346,-1
210706571,1
210709201,1
210712405,1
210714331,-1
210716485,1
210719164,1
210721978,1
210722871,1
210723615,1
210724105,1
210725048,1
210725158,1
210726106,1
210727410,1
210730207,1
210731092,1
210731367,1
210731931,1
210801581,1
210801649,1
210802839,1
210803497,1
210807525,1
210807687,1
210807955,1
210812011,1
210812699,1
210813038,1
210815100,1
210820004,1
210822273,1
210822729,1
210824174,1
210826293,1
210827416,1
210827424,1
210903077,1
210903727,1
210904866,1
210909447,1
210912522,1
210915530,1
210915630,1
210917157,1
210923124,1
210924960,1
210925056,-1
210925800,1
210926044,1
210926869,1
210927996,1
210928761,-1
210929821,1
211002338,-1
211002740,1
211018505,1
211018697,1
211018936,1
211019250,-1
211021460,1
211023546,1
211102338,1
211102587,1
211104765,1
211107848,1
211109028,-1
211109113,1
211112607,1
211115688,1
211116487,1
211116586,1
211118985,1
211120548,-1
211120962,1
211121434,-1
211129410,-1
211130636,1
211201863,1
211204493,1
211204901,-1
211207416,1
211210937,1
211211549,-1
211211909,1
211212394,1
211212532,1
211216282,-1
211216556,1
211217295,1
211219622,1
211219910,1
211221867,1
211225014,1
211229145,1
211229930,-1
211231292,1
220101215,1
220103877,-1
220104167,1
220107615,1
220107793,1
220111807,1
220114168,1
220115709,1
220115943,1
220117199,1
220118764,1
220124074,1
220130968,1
220209959,1
220210998,1
220211657,-1
220214002,1
220219473,1
220222098,1
220222808,1
220223094,-1
220228438,1
220304228,1
220305481,1
220305676,1
220306306,1
220306761,1
220308233,1
220309253,1
220310122,1
220316476,1
220317534,1
220320194,1
220321282,1
220324110,1
220325879,1
220326173,1
220401429,1
220401896,-1
220403424,1
220404741,-1
220405258,1
220407167,1
220408240,1
220408311,1
220411306,1
220415645,1
220417578,1
220418661,1
220421346,1
220426285,1
220426299,1
220430900,1
220501828,1
220507423,1
220508939,1
220511571,1
220512211,1
220514517,1
220516525,1
220518717,1
220521972,1
220522110,1
220523175,1
220523558,1
220525008,1
220527387,-1
220606025,1
220608211,1
220608317,1
220609063,1
220610295,1
220610906,1
220612013,1
220613395,1
220617673,1
220618382,1
220619207,1
220620261,1
220624124,1
220624431,1
220627890,1
220627901,1
220702569,1
220702842,1
220704575,-1
220705282,-1
220711761,1
220713691,1
220715368,1
220715691,1
220715934,1
220724457,1
220724988,1
220726405,1
220727192,-1
220728681,1
220803402,1
220807581,1
220810969,1
220821296,1
220823618,1
220825082,1
220826218,1
220826431,1
220826497,1
220827896,1
220829610,1
220830319,1
220831550,1
220831581,1
220831664,1
220902438,1
220903125,1
220903511,1
220905433,1
220905478,1
220907587,-1
220909286,1
220910242,1
220912035,1
220915022,-1
220915218,1
220915400,-1
220917614,1
220921462,-1
220921473,1
220924906,1
220925462,1
220927234,1
221005757,1
221009553,1
221013029,1
221016986,1
221018459,1
221020225,1
221021388,1
221022815,1
221022955,-1
221023862,1
221024542,1
221027173,-1
221029045,1
221103285,1
221107058,1
221108472,-1
221112263,1
221115018,1
221118575,1
221119627,1
221121274,1
221126547,1
221201517,1
221202904,1
221203537,-1
221203886,1
221205022,1
221206464,-1
221206516,1
221209243,1
221209877,1
221210108,1
221211274,1
221212278,1
221215673,1
221216473,1
221221944,1
221226698,1
221226945,-1
221228204,1
221231907,-1
230101095,1
230110649,-1
230111797,-1
230114708,1
230116205,1
230116575,1
230118996,1
230119558,1
230124638,1
230128950,1
230129246,1
230129542,1
230130204,1
230201060,1
230201831,1
230204906,1
230207021,1
230209939,1
230210260,1
230215612,1
230220892,1
230225460,1
230225618,1
230227432,1
230228244,1
230301278,1
230304265,1
230304608,1
230304624,1
230304918,1
230305570,1
230307656,-1
230310031,1
230312812,1
230313485,1
230314119,1
230316546,1
230320150,1
230320884,1
230321100,1
230321182,1
230322873,1
230328582,1
230328621,1
230330018,1
230402314,1
230404958,1
230405627,1
230405832,-1
230408442,1
230409033,1
230409626,1
230410476,-1
230421405,1
230426853,1
230428381,1
230430196,1
230503847,1
230506214,1
230506531,1
230506715,1
230510503,1
230510890,1
230511145,1
230511469,1
230511548,1
230512269,1
230513929,1
230514996,1
230516743,1
230517462,1
230523474,-1
230524239,1
230524357,1
230527290,1
230603525,-1
230606010,1
230608468,1
230613373,-1
230614009,1
230614385,1
230614424,1
230618227,-1
230621990,1
230625767,1
230626604,1
230628067,1
230628849,1
230701025,1
230701948,-1
230702527,1
230703954,1
230704821,1
230707141,1
230709706,1
230709902,1
230710826,1
230712868,1
230713999,1
230715072,-1
230715190,1
230717117,1
230718188,1
230723488,1
230727460,1
230728118,1
230728560,1
230802285,1
230802999,1
230803061,1
230803642,1
230803977,1
230805475,1
230806217,1
230808451,-1
230808699,-1
230811385,1
230812395,1
230812790,1
230814788,1
230815451,1
230817502,1
230818977,1
230826814,1
230827762,1
230830792,1
230902615,-1
230903440,-1
230903724,1
230904853,1
230910125,1
230911132,-1
230911185,1
230911329,1
230911686,1
230913331,1
230915236,1
230915288,1
230918997,1
230919707,1
230930917,-1
231001015,1
231004350,1
231017337,1
231018521,1
231019715,1
231020790,1
231020900,1
231025283,1
231028173,1
231028935,1
231030005,-1
231030832,1
231031144,1
231101099,-1
231103612,1
231104075,1
231104966,1
231106759,1
231108877,1
231116403,1
231118720,1
231118940,-1
231120016,1
231123114,-1
231123809,1
231124360,1
231126050,1
231128489,1
231129799,1
231203293,1
231204833,1
231206789,1
231210553,1
231214850,1
231215408,1
231220674,1
231222299,-1
231222310,1
231230062,1
240102125,1
240106024,1
240106265,1
240107803,1
240109896,1
240112541,1
240112734,1
240112914,1
240115461,1
240115698,1
240118075,1
240118508,1
240118725,1
240123742,1
240129632,-1
240204630,1
240205926,1
240207639,1
240209263,1
240213841,1
240215670,-1
240215828,1
240216456,1
240218084,1
240220469,1
240226236,1
240226815,1
240227195,1
240229588,-1
240303513,1
240303837,1
240305162,1
240305409,1
240306282,1
240308268,1
240310236,1
240314480,1
240317405,1
240318119,-1
240320729,1
240320831,1
240329905,1
240331997,1
240402989,1
240403149,1
240403498,1
240405630,-1
240405932,1
240407042,1
240408043,1
240411073,1
240415269,-1
240420190,1
240421405,1
240422112,1
240422389,1
240425015,1
240428627,1
240429628,1
240430806,1
240501455,1
240502228,-1
240502600,-1
240504217,-1
240507006,1
240509721,1
240511754,1
240513307,1
240514169,1
240514431,1
240516150,1
240519213,1
240521631,1
240523401,1
240525697,1
240527297,1
240527586,1
240602419,1
240603102,-1
240603423,1
240604936,1
240605338,1
240606565,1
240607459,-1
240608126,1
240610002,-1
240611444,1
240612503,1
240612511,1
240613991,1
240616382,-1
240619155,-1
240619466,1
240624805,1
240625957,1
240627839,1
240629704,1
240702885,1
240704855,1
240710643,1
240710717,-1
240718270,1
240720017,1
240727250,1
240727994,1
240731597,1
240801138,1
240804796,-1
240805085,1
240807238,1
240810880,1
240814164,1
240814483,1
240814785,1
240821721,-1
240821775,-1
240824549,1
240824640,1
240825662,1
240828622,1
240829058,1
240905053,-1
240905186,1
240905357,1
240905443,1
240910167,1
240910488,1
240912074,1
240913140,1
240913488,1
240914298,1
240916058,1
240918872,-1
240929826,1
240930721,1
241002260,1
241008917,1
241010743,1
241013936,1
241016073,-1
241024647,-1
241025067,1
241025650,1
241026946,-1
241029097,1
241030242,1
241030774,-1
241104771,1
241105671,1
241114960,1
241115191,1
241115554,1
241115755,1
241117125,1
241119350,1
241120246,1
