burst_id,duration
080714745,59.6
080715950,7.9
080717543,36.6
080719529,16.1
080723557,58.4
080723985,42.8
080724401,379.4
080725435,25.9
080727964,89.1
080730520,17.4
080730786,13.3
080804456,521.9
080805496,29.4
080805584,65.7
080806584,2.3
080807993,19.1
080808451,4.4
080808565,17.7
080810549,75.2
080812889,15.0
080816503,64.8
080817161,60.3
080817720,4.4
080818579,59.3
080818945,13.4
080821332,5.9
080823363,43.5
080824909,7.4
080825593,21.0
080828189,3.0
080829790,7.7
080830368,40.9
080904886,17.3
080905570,26.6
080905705,106.0
080906212,2.9
080912360,16.4
080913735,41.2
080916009,63.0
080916406,46.3
080924766,39.9
080925775,31.7
080927480,45.3
080928628,14.3
081003644,50.2
081006604,6.4
081006872,3.3
081008832,126.7
081009140,41.3
081009690,34.6
081012549,30.7
081017474,28.4
081021398,26.1
081022364,17.2
081025349,22.5
081028538,13.3
081101532,8.3
081102365,1.7
081102739,34.8
081107321,1.7
081109293,58.4
081110601,11.8
081118876,20.7
081120618,25.3
081121858,42.0
081122520,23.3
081124060,19.5
081125496,9.3
081126899,54.1
081129161,62.7
081130212,2.2
081204004,7.4
081206275,24.6
081206604,7.9
081215784,5.6
081217983,29.7
081221681,29.7
081222204,18.9
081224887,16.4
081231140,28.7
090101758,108.8
090102122,26.6
090109332,1.7
090112332,58.4
090112729,14.1
090113778,17.4
090117335,27.3
090117640,15.6
090120627,1.9
090126227,5.6
090129880,16.6
090131090,35.1
090202347,12.6
090207777,24.8
090213236,20.2
090217206,33.3
090222179,17.4
090225009,2.2
090227310,16.2
090228976,7.9
090301315,23.3
090305052,1.9
090306245,27.9
090307167,29.4
090308734,1.7
090309767,56.5
090310189,116.9
090320045,2.4
090320418,7.9
090320801,29.2
090323002,133.9
090326633,16.1
090327404,14.1
090328401,61.7
090330279,75.3
090411838,21.5
090411991,14.3
090419997,184.3
090422150,9.2
090423330,7.2
090424592,14.1
090425377,75.4
090426066,16.1
090426690,7.5
090427644,1.0
090427688,12.3
090428441,4.0
090428552,31.5
090429530,14.3
090502777,66.0
090509215,282.4
090510325,7.4
090511684,7.6
090513941,11.8
090514006,43.5
090514726,2.2
090514734,54.4
090516137,110.6
090516853,14.5
090518080,2.0
090518244,6.8
090519462,91.3
090519881,74.2
090520850,3.8
090520876,30.7
090522344,20.3
090524346,54.3
090528173,35.9
090528516,79.0
090529310,3.1
090529564,9.9
090530760,157.7
090602564,20.7
090608052,21.5
090610648,6.1
090610723,146.4
090610883,7.4
090612619,37.1
090618353,112.4
090620400,13.6
090621185,106.8
090621417,27.0
090621447,26.1
090623107,47.1
090623913,7.2
090625234,14.3
090625560,13.1
090626189,48.9
090629543,20.5
090630311,2.9
090701225,4.2
090703329,9.0
090704783,19.5
090706283,57.9
090708152,21.2
090709630,22.3
090713020,82.8
090717034,65.5
090718762,23.7
090719063,11.4
090720276,4.5
090720710,10.8
090725838,13.8
090730608,9.1
090802666,27.5
090804940,5.6
090805622,46.6
090807832,17.9
090809978,11.0
090810659,125.2
090810781,63.0
090811696,14.8
090813174,7.6
090814950,108.6
090815438,30.5
090815946,245.5
090820027,12.4
090820509,15.3
090824918,59.9
090826068,8.7
090828099,68.4
090829672,67.6
090829702,101.6
090831317,39.4
090902462,19.3
090904581,38.4
090907017,39.5
090908341,36.9
090910812,53.4
090912660,150.8
090915650,76.6
090917661,26.6
090920035,26.6
090922539,87.0
090922605,52.7
090925389,25.5
090926181,13.8
090926914,64.0
090928646,15.6
090929190,6.2
091002685,2.8
091003191,20.2
091005679,7.0
091010113,6.0
091013989,38.4
091015129,3.8
091017861,2.6
091017985,44.8
091020900,24.3
091020977,37.5
091023021,6.5
091024372,94.0
091024380,450.6
091026485,3.3
091026550,9.0
091030613,19.2
091030828,98.0
091031500,33.9
091101143,10.7
091102607,6.7
091103912,13.6
091107635,11.0
091109895,31.0
091112737,24.6
091112928,21.2
091115177,37.4
091117080,113.7
091120191,50.2
091122163,2.9
091123081,15.6
091123298,624.5
091127976,8.7
091128285,76.3
091201089,13.0
091202072,27.6
091207333,27.1
091208410,12.5
091215234,4.4
091219462,8.1
091220442,18.4
091223511,49.7
091227294,21.9
091230260,63.0
091231206,42.6
091231540,15.6
100111176,19.5
100112418,23.0
100116897,102.5
100118100,9.2
100122616,22.5
100126460,10.6
100130729,99.6
100130777,86.0
100131730,3.5
100201588,141.1
100205490,14.8
100207665,15.4
100207721,17.7
100211440,21.4
100212550,3.8
100212588,4.9
100218194,29.2
100224112,67.3
100225115,13.0
100225580,6.4
100225703,4.5
100228544,67.1
100228873,8.7
100301223,26.6
100302061,2.2
100304004,181.5
100304534,19.0
100307928,16.1
100311518,9.0
100313288,12.9
100318611,18.4
100322045,37.1
100323542,60.7
100324172,17.9
100325246,8.2
100325275,7.1
100330309,10.0
100401297,92.4
100406758,5.9
100410356,9.7
100410740,22.0
100413732,184.1
100414097,26.5
100417789,52.5
100420008,19.7
100421917,62.5
100423244,16.5
100424729,175.4
100424876,170.0
100427356,12.5
100429999,25.0
100502356,95.8
100503554,139.8
100506653,21.4
100507577,44.0
100510810,31.2
100511035,42.4
100513879,11.1
100515467,10.6
100517072,55.8
100517132,19.8
100517154,30.5
100517243,29.6
100517639,5.4
100519204,62.9
100522157,35.3
100525744,1.5
100528075,22.5
100530737,3.3
100604287,13.4
100605774,8.2
100608382,30.2
100609783,111.6
100612726,8.6
100614498,172.3
100615083,37.4
100619015,96.0
100620119,51.8
100621452,122.6
100625891,29.2
100701490,22.0
100704149,171.5
100707032,81.8
100709602,100.1
100714686,5.6
100715477,14.8
100717372,6.0
100717446,2.4
100718796,38.7
100719311,1.6
100719825,3.1
100719989,21.8
100722096,7.2
100724029,114.7
100725475,146.4
100727238,23.8
100728095,165.4
100728439,10.2
100730463,63.9
100804104,6.6
100805845,58.4
100810049,2.6
100811781,78.1
100814160,150.5
100814351,7.4
100816026,2.0
100819498,12.5
100820373,9.0
100825287,3.3
100826957,85.0
100829374,95.0
100829876,8.7
100902990,22.3
100905907,11.5
100906576,110.6
100907751,5.4
100910818,13.8
100911816,5.6
100915243,7.9
100916779,12.8
100918863,88.8
100919884,49.6
100922625,4.4
100923844,51.7
100926694,37.9
100929235,8.2
101002279,7.2
101003244,10.0
101008697,9.0
101010190,65.0
101011707,36.4
101013412,15.4
101014175,449.4
101015558,508.2
101016243,3.8
101017619,47.9
101021009,120.8
101023951,76.8
101024486,20.2
101025146,14.3
101025267,31.0
101101744,3.3
101101899,31.2
101107011,375.8
101112924,9.5
101112984,82.9
101113483,12.3
101123952,103.9
101126198,43.8
101127093,29.4
101127102,60.7
101128322,8.2
101201418,112.6
101202154,18.4
101205309,7.9
101206036,34.8
101207536,61.4
101208498,2.0
101211485,13.6
101213849,5.1
101216721,1.9
101219686,51.0
101220576,72.4
101224227,1.7
101224578,44.7
101224614,25.6
101224998,18.7
101225377,81.2
101227195,95.5
101227406,153.3
101227536,28.9
101231067,23.6
110101202,3.6
110102788,254.0
110105877,123.4
110108977,51.5
110112934,2.3
110117364,72.4
110117626,43.3
110118857,34.6
110119931,205.8
110120666,26.2
110123804,17.9
110125894,4.8
110128073,12.2
110130230,47.4
110201399,8.2
110204179,28.7
110205027,5.4
110206202,12.3
110207470,37.9
110207959,7.7
110209165,5.6
110213220,34.3
110217591,60.7
110220761,33.0
110221244,13.1
110226989,14.1
110227229,18.4
110227420,25.6
110228011,44.5
110301214,5.7
110302043,38.3
110304071,19.5
110311812,6.4
110318552,14.5
110319815,31.2
110321346,30.7
110322558,36.1
110328520,84.0
110331604,3.2
110401920,2.4
110402009,35.6
110407998,9.0
110410133,62.0
110410772,7.4
110411629,23.6
110412315,20.7
110415541,166.1
110421757,40.4
110430375,32.5
110503145,7.9
110505203,4.1
110509142,68.9
110511616,5.9
110517573,23.0
110520302,12.3
110521478,6.1
110522296,27.1
110522633,58.1
110523344,44.5
110529262,45.8
110529811,34.8
110531448,38.7
110601681,52.2
110605183,82.7
110605780,1.5
110609185,10.0
110609425,33.0
110610640,43.5
110613631,40.2
110618366,163.8
110622158,70.4
110625579,33.3
110625881,26.9
110626448,6.4
110629174,61.7
110702187,34.4
110703557,6.7
110705364,19.2
110706202,12.0
110706477,73.2
110706728,16.9
110709463,24.1
110709642,43.2
110709862,5.4
110716018,7.2
110717319,90.4
110720177,11.2
110721200,21.8
110722694,73.5
110722710,14.3
110725236,20.2
110726211,30.0
110729142,408.6
110730660,33.9
110731465,7.5
110803783,186.9
110806934,28.4
110809461,12.5
110812899,11.3
110813237,22.8
110819665,16.4
110820476,11.3
110824009,76.6
110825102,62.5
110825265,48.1
110831282,98.9
110901230,22.5
110903009,27.1
110903111,341.3
110904124,83.9
110904163,51.5
110904531,20.5
110906302,23.9
110909116,20.7
110911071,9.0
110919634,35.1
110920338,9.7
110920546,160.8
110921444,149.5
110921912,17.7
110923481,1.7
110923835,46.4
110926107,75.3
110928180,148.2
110929187,5.1
110930564,37.9
111003465,16.6
111005398,30.7
111008992,42.5
111009282,20.7
111010237,82.4
111010660,8.7
111010709,53.0
111010899,18.6
111011094,1.5
111012456,20.7
111012811,7.9
111015427,92.7
111018595,8.2
111018785,29.7
111024722,65.0
111025078,51.7
111103441,12.0
111107035,12.0
111107076,77.2
111109453,4.9
111109873,9.7
111113410,15.4
111114233,22.0
111120556,98.6
111124308,9.0
111127810,19.0
111201599,16.9
111203054,55.6
111203609,22.0
111208353,41.0
111216389,81.9
111220486,39.0
111221739,27.1
111226795,74.8
111228453,2.9
111228657,99.8
111230683,28.2
111230819,12.7
120102095,28.4
120102416,20.2
120105584,22.5
120107384,23.0
120109824,38.7
120111051,76.8
120114433,2.8
120114681,43.3
120117291,3.3
120118709,37.8
120118898,17.2
120119170,55.3
120119229,41.7
120119354,16.9
120121101,18.4
120121251,37.1
120129580,3.1
120130699,27.8
120130906,3.6
120130938,38.9
120203812,10.2
120204054,49.1
120206949,9.5
120210650,1.3
120212383,9.2
120213606,13.8
120217808,5.9
120217904,2.6
120219563,8.1
120220210,21.2
120222119,29.4
120223933,14.3
120224282,60.9
120224898,29.2
120226447,14.6
120226871,53.0
120227391,19.7
120227725,17.4
120302080,80.4
120302722,1.6
120304061,10.0
120304248,5.4
120308588,25.6
120312671,13.3
120314412,1.3
120316008,26.6
120319983,72.4
120323162,4.4
120326056,11.8
120328268,29.7
120331055,16.4
120402669,20.2
120403857,4.3
120411925,38.9
120412055,9.7
120412920,101.2
120415076,12.5
120415958,12.5
120420249,25.6
120420858,254.9
120426090,2.7
120426585,31.0
120427054,5.4
120427153,22.8
120429003,1.7
120429484,15.4
120430980,14.6
120504468,42.0
120504945,5.8
120506128,2.3
120511638,45.2
120512112,18.2
120513531,23.8
120520949,5.8
120521380,91.1
120522361,28.2
120528442,16.4
120530121,77.1
120531393,25.3
120604220,10.5
120604343,12.0
120605453,18.1
120611108,49.9
120612680,63.2
120618128,17.6
120624933,271.4
120625119,7.4
120703417,64.5
120703498,77.6
120703726,9.0
120707800,41.0
120709883,27.3
120710100,131.8
120711115,44.0
120711446,87.6
120712571,22.5
120713226,13.8
120715066,29.7
120716577,25.0
120716712,226.0
120719146,75.0
120727681,10.5
120728434,100.5
120728934,32.8
120729456,25.5
120801920,479.2
120806007,26.6
120811649,14.3
120819048,66.3
120820585,107.5
120824594,111.6
120827216,5.1
120830212,16.1
120830702,49.7
120905657,195.6
120907017,5.8
120908873,46.8
120908938,66.9
120909070,112.1
120911298,22.0
120913846,33.8
120913997,130.0
120914144,10.2
120915474,5.9
120916173,53.0
120919052,118.0
120919309,21.2
120919816,20.5
120921877,5.6
120926335,4.3
120926426,60.2
120926753,3.1
121005030,96.8
121005340,141.6
121008424,3.5
121011469,65.8
121019233,14.3
121028280,11.0
121029350,15.8
121031949,242.4
121102064,2.0
121104627,59.1
121109338,22.1
121112806,1.3
121113544,95.5
121117018,331.8
121118576,33.3
121119579,2.3
121122564,8.7
121122870,125.4
121122885,7.9
121123442,42.5
121125356,49.9
121125469,12.9
121128212,17.3
121211574,5.6
121211695,9.0
121216419,9.2
121217313,828.7
121220311,5.1
121221916,38.9
121223300,11.0
121225417,58.5
121229533,23.0
121231445,32.8
130104721,26.4
130106829,11.3
130109206,9.0
130112286,35.3
130112353,2.0
130114019,8.7
130115716,13.6
130116415,66.8
130117087,78.8
130118482,21.6
130121835,178.7
130123843,22.0
130131511,147.5
130206482,11.3
130206817,91.6
130208684,41.5
130209961,9.8
130214137,96.8
130214800,13.8
130215063,143.7
130215649,58.1
130216790,13.0
130216927,6.6
130217688,14.8
130218261,37.1
130219197,168.0
130219775,96.1
130220964,6.4
130224370,70.9
130228111,107.8
130228212,15.7
130304410,67.8
130304658,23.3
130305486,25.6
130306991,120.6
130307238,63.5
130310840,16.0
130314147,142.9
130318456,121.1
130320560,341.0
130324042,56.3
130325203,6.9
130327350,31.2
130331566,13.8
130404428,3.3
130404840,34.6
130406288,7.9
130406334,88.8
130406354,2.6
130408653,9.2
130409960,26.1
130418844,169.5
130420313,105.0
130420343,38.9
130420422,27.3
130420539,13.8
130425327,62.2
130427324,138.2
130502327,24.3
130502743,3.3
130504978,73.2
130505955,50.2
130507545,60.2
130509078,24.3
130510877,29.4
130514560,17.4
130515430,20.5
130515755,2.6
130517781,33.3
130518551,4.1
130518580,48.6
130522510,27.9
130523095,17.9
130523198,5.4
130527627,27.8
130528503,66.3
130528695,55.6
130530719,58.6
130604033,26.9
130606316,24.1
130606497,52.2
130609129,5.4
130609902,191.5
130612141,7.4
130612456,10.2
130614997,9.3
130615398,21.8
130620498,14.6
130623130,29.4
130623488,22.3
130623699,7.7
130623790,42.2
130626596,28.2
130627372,35.8
130628531,21.5
130630272,17.2
130701060,20.2
130701761,1.6
130702004,58.9
130702951,16.4
130704560,6.4
130708488,14.1
130715906,47.9
130716352,91.1
130717734,55.3
130720116,48.6
130720582,199.2
130722021,81.4
130722990,2.3
130723092,8.2
130725527,6.7
130727698,13.0
130730243,27.9
130803419,7.6
130811186,44.8
130813791,11.3
130815420,236.3
130815660,37.9
130816074,36.9
130818941,25.3
130821674,87.0
130828306,137.0
130828808,3.9
130829672,6.7
130830864,84.0
130830921,36.4
130831058,24.8
130903033,68.6
130905377,21.2
130906222,11.3
130906435,8.2
130919985,17.4
130924910,1.8
130925164,6.4
130925173,215.6
130925546,265.5
130928537,133.0
130929375,2.3
131002288,55.0
131006840,42.0
131008858,36.3
131011741,77.1
131014215,3.2
131014513,30.2
131021352,17.7
131028076,17.2
131029973,104.4
131029990,50.9
131030653,53.2
131030791,27.4
131031482,7.4
131105087,112.6
131108024,14.6
131108862,18.2
131113483,60.5
131118958,85.2
131119781,34.8
131122490,23.0
131123543,3.1
131127592,18.2
131127696,15.1
131202633,20.0
131204937,30.0
131209547,13.6
131209963,4.1
131212814,7.4
131214705,80.1
131215298,23.0
131216081,19.3
131217183,9.2
131217506,3.3
131229277,13.0
131230529,3.1
131230808,49.2
131231198,31.2
140102887,3.6
140104731,187.1
140106345,33.0
140108721,91.4
140110263,9.5
140110814,81.2
140112060,12.0
140113183,68.9
140113624,4.6
140115863,14.9
140115899,10.5
140118064,90.1
140122597,3.6
140124527,121.5
140126815,75.8
140204547,71.2
140206275,146.7
140206304,27.3
140211091,3.5
140213807,18.6
140216331,2.4
140217043,27.1
140219824,77.1
140223495,17.4
140224382,2.3
140224788,17.2
140227738,17.2
140302342,67.6
140304557,31.2
140304849,232.7
140306146,51.7
140308710,12.0
140311453,14.9
140311618,14.3
140319964,50.4
140322424,10.5
140323433,111.4
140327065,11.5
140328560,4.2
140329295,21.2
140330180,34.0
140404030,85.0
140404900,22.8
140405033,39.9
140406120,109.3
140406144,37.1
140408553,7.7
140414693,25.6
140416060,31.7
140422194,361.5
140427702,13.3
140429975,9.2
140430716,26.4
140501497,22.1
140502354,20.1
140506880,64.1
140508128,44.3
140508629,50.4
140511095,1.4
140511995,59.1
140512814,148.0
140513724,17.2
140516700,38.1
140516765,22.0
140517813,18.9
140519043,47.6
140521732,11.6
140523129,19.2
140526449,79.1
140528837,13.6
140603476,138.2
140606133,22.8
140608153,71.7
140608713,6.4
140610548,36.9
140612294,38.9
140619475,2.8
140620219,45.8
140621827,6.4
140623224,111.1
140626843,1.8
140627401,7.4
140628704,75.5
140701567,25.1
140701833,6.9
140703026,84.0
140705539,26.9
140706815,43.8
140709051,69.6
140709637,156.4
140710901,11.5
140712973,28.2
140713780,5.4
140714268,132.1
140715231,77.3
140716306,3.3
140716436,168.3
140717827,80.6
140721336,127.7
140723067,56.3
140723499,45.1
140725583,20.0
140727748,13.8
140729026,55.6
140801792,7.2
140808038,4.5
140809133,69.1
140810782,81.7
140817229,26.1
140817293,16.1
140818229,109.2
140818781,21.0
140821997,32.5
140824548,4.1
140824606,108.8
140825328,78.6
140827763,21.0
140828288,23.6
140831374,3.6
140901262,65.0
140906175,37.6
140906429,20.7
140907429,27.4
140911012,116.7
140916234,31.2
140917512,16.5
140918379,165.6
140919636,108.5
140928100,7.7
140928437,17.9
140929677,37.1
140930134,3.3
141003564,8.7
141003788,7.4
141004150,9.5
141004973,2.6
141005217,3.4
141005535,11.3
141011467,12.0
141012773,37.6
141013803,82.4
141016897,17.4
141022087,9.2
141026742,2.6
141028455,31.5
141029134,192.8
141030746,9.0
141031257,38.7
141031304,19.5
141102536,2.6
141102779,25.1
141105358,19.2
141105406,1.3
141109447,32.0
141112539,335.9
141112828,63.7
141114687,44.8
141118678,4.4
141121414,3.8
141122875,30.7
141202470,1.4
141205763,5.4
141206254,4.6
141207800,21.0
141208038,14.3
141209131,78.1
141215560,11.3
141220252,7.6
141221338,23.8
141221897,32.5
141222298,2.8
141222691,34.0
141223240,94.2
141225959,56.3
141229492,13.8
141229911,91.4
141230142,9.9
141230834,28.9
150105257,80.6
150110433,74.3
150110923,2.6
150118409,40.2
150120685,56.8
150122960,53.2
150126868,96.5
150127398,52.7
150127589,60.9
150127935,84.2
150128791,85.2
150131335,8.2
150131951,8.2
150201574,15.6
150202999,167.4
150203545,23.8
150204272,11.0
150206285,23.3
150206407,5.1
150210935,31.3
150213001,4.1
150220598,144.6
150222450,65.3
150226545,174.6
150226948,32.8
150227702,17.4
150228845,4.1
150228981,36.6
150301818,13.3
150303516,4.9
150305724,16.1
150306993,18.9
150309958,52.5
150313657,5.1
150314205,10.7
150316400,2.0
150318521,94.7
150319271,10.5
150322066,15.6
150323395,56.3
150323712,43.3
150324164,4.6
150324319,13.1
150326521,5.9
150326542,4.1
150329288,28.9
150330828,153.9
150403913,22.3
150404733,4.9
150411026,15.4
150415029,34.6
150416773,33.3
150418819,3.8
150422294,30.2
150422703,36.9
150423285,14.3
150424403,36.1
150425617,4.4
150426594,22.5
150428305,32.5
150430015,111.6
150501017,9.7
150502435,109.3
150506398,6.8
150507026,63.5
150508945,113.9
150510139,51.9
150511362,31.2
150512432,123.1
150513856,159.0
150514774,10.8
150520893,15.6
150522433,43.8
150523396,82.4
150523690,114.7
150527283,20.7
150527662,63.2
150528656,13.1
150530488,7.2
150602840,10.5
150603105,67.3
150603823,102.1
150604284,52.7
150607330,26.2
150612702,68.4
150613420,27.4
150614073,5.1
150618674,45.3
150619287,57.1
150622393,60.7
150627183,64.6
150630223,22.8
150630958,39.2
150702998,45.8
150703149,50.2
150703259,46.6
150705009,21.0
150710646,33.3
150711766,82.2
150712846,59.6
150716552,32.8
150717795,10.0
150718656,19.5
150721242,18.4
150721732,11.5
150723608,33.0
150724398,37.4
150724782,37.9
150726877,46.8
150728151,1.7
150729517,35.6
150802127,313.1
150802207,10.0
150804806,51.2
150805445,45.8
150806348,85.2
150809516,47.4
150810485,1.3
150815604,24.6
150817087,35.6
150817251,13.3
150820880,5.9
150821406,103.4
150822178,13.3
150824079,13.6
150824125,32.8
150826557,33.0
150827785,10.5
150828333,12.8
150828901,2.0
150830128,44.8
150831930,13.8
150902733,13.6
150904479,23.3
150908408,60.9
150911315,41.7
150911588,46.1
150912443,33.5
150913161,21.0
150919606,6.7
150922718,15.9
150922883,2.8
150923864,1.8
150923995,17.2
150928359,53.5
151001348,377.9
151003729,44.0
151006413,93.4
151009949,18.9
151011136,25.3
151014592,34.3
151021791,7.2
151023104,10.2
151024179,4.6
151026169,53.2
151026523,63.2
151027166,123.4
151030999,116.5
151107851,139.0
151111356,46.3
151117442,58.6
151118554,40.9
151120349,28.4
151122709,51.2
151126293,8.4
151129333,52.2
151130160,20.2
151205657,56.3
151211672,40.9
151212030,22.3
151212064,13.3
151218857,3.3
151219567,62.7
151227072,3.4
151227218,42.8
151228949,28.7
151229285,3.5
151231443,71.4
160101030,4.7
160101215,22.0
160102500,25.3
160102936,10.5
160104475,8.7
160104918,44.3
160106948,39.4
160107931,113.9
160111115,26.9
160113398,24.6
160118060,46.8
160123095,37.6
160125368,16.9
160131116,34.8
160131174,205.3
160201883,40.5
160206430,21.5
160215773,141.3
160216801,7.7
160218711,20.2
160219289,3.5
160219673,144.4
160220868,22.5
160221993,11.5
160223072,117.8
160223416,17.9
160223670,288.0
160225720,70.1
160225809,64.3
160226913,105.5
160227831,7.7
160228034,16.1
160301215,29.7
160303201,48.1
160303971,27.1
160308709,88.1
160310291,23.6
160314929,98.6
160316139,17.2
160316573,17.9
160318342,12.8
160323293,25.1
160325291,42.9
160326062,19.5
160330827,42.0
160401065,21.0
160406023,23.0
160407673,7.1
160419637,24.3
160421137,25.1
160422499,12.3
160423066,12.0
160424492,6.6
160508290,11.0
160509374,369.7
160512199,78.1
160512536,104.4
160513553,1.7
160513962,65.8
160515819,84.5
160516237,2.4
160518039,22.8
160519012,98.6
160519060,17.7
160519677,19.2
160521385,2.8
160521839,15.9
160522445,43.8
160523919,71.4
160527080,25.3
160528276,7.2
160530667,9.0
160605847,5.5
160609941,60.2
160621497,251.1
160623209,107.8
160625230,43.3
160625240,10.8
160625945,453.4
160628136,5.9
160628579,23.0
160629930,64.8
160709370,38.7
160709826,5.4
160710233,57.9
160711968,25.3
160716144,28.9
160717813,66.8
160718975,8.4
160720275,14.3
160720767,69.9
160721806,10.0
160724444,11.0
160727971,3.1
160731024,28.7
160802259,16.4
160804065,131.6
160804775,151.8
160806584,1.7
160813297,7.9
160815490,7.1
160816414,11.8
160816730,11.1
160818198,6.4
160818230,2.2
160819852,33.5
160821857,43.0
160824598,3.5
160825799,6.1
160826938,1.8
160827616,6.4
160827837,24.6
160831411,50.7
160905471,33.5
160908136,156.7
160909061,18.4
160910722,24.3
160912350,32.7
160912521,84.5
160917456,14.6
160917479,19.5
160917921,10.8
160919613,62.5
160919858,79.1
160920249,15.6
160921087,48.9
160922856,20.7
160924253,74.5
160925221,50.9
160928825,6.1
160929529,4.6
161001045,2.2
161004964,12.8
161005977,19.5
161007009,30.7
161009651,92.2
161012214,11.0
161012416,44.3
161012637,6.4
161013948,34.8
161014522,36.6
161015710,15.1
161017745,37.9
161020024,12.3
161020759,24.3
161020767,22.1
161022114,26.4
161105417,41.5
161106499,10.8
161106786,12.5
161109263,23.6
161110179,1.8
161111197,118.5
161112496,71.4
161117066,122.2
161119633,77.8
161125931,69.6
161128216,6.9
161129300,36.1
161201342,12.8
161205561,33.5
161206064,33.5
161207224,8.2
161207813,36.4
161210524,2.3
161213295,23.3
161214722,22.5
161217128,3.6
161218356,25.9
161220605,41.7
161227498,2.6
161228032,39.9
161228388,72.7
161228405,50.2
161228553,47.1
161229878,33.5
161230511,48.9
170101116,12.8
170101374,2.3
170106968,31.2
170110967,34.0
170111815,3.1
170112970,7.4
170113420,49.2
170114833,29.2
170114917,12.0
170115662,120.3
170115743,44.3
170119228,28.9
170120471,28.9
170121067,2.3
170121133,1.6
170121614,46.3
170124238,39.2
170124874,22.8
170125022,3.9
170126480,13.8
170127634,1.7
170130302,50.2
170130510,101.1
170130697,29.2
170131969,23.0
170205521,5.4
170206453,1.2
170207906,38.9
170208553,53.8
170208758,7.2
170208940,22.0
170209048,39.7
170210116,76.5
170212034,15.9
170214649,122.9
170219110,10.2
170222209,1.7
170228773,46.1
170228794,60.7
170301812,12.5
170302166,3.8
170302719,87.8
170302876,89.9
170306130,32.3
170306588,18.9
170307851,28.4
170308221,11.5
170310417,13.6
170310883,18.2
170313125,42.0
170315582,16.1
170316710,39.4
170317666,213.0
170318644,4.1
170323058,33.5
170323775,35.3
170326489,9.7
170329387,33.5
170402285,7.2
170402961,22.5
170403707,14.0
170405777,78.6
170412917,81.6
170412988,31.2
170414551,45.8
170416583,62.0
170419898,24.1
170419983,12.5
170422343,25.3
170423719,46.6
170423872,10.0
170429799,220.2
170501467,47.4
170510217,127.7
170511249,40.7
170511477,2.3
170511648,1.3
170514152,12.0
170514180,103.9
170516808,11.0
170520202,6.1
170521882,7.7
170522657,7.4
170527480,49.2
170530581,19.5
170606968,11.3
170607946,18.2
170607971,20.9
170610689,19.2
170611937,27.9
170614255,122.6
170614486,26.9
170614505,5.4
170616047,9.2
170616165,56.3
170618475,52.5
170621784,32.0
170626401,12.3
170627931,17.2
170629537,28.2
170705115,22.8
170705200,27.6
170705244,5.9
170709334,1.9
170710340,42.2
170711019,15.1
170711931,12.3
170717952,11.8
170718152,40.2
170722525,37.4
170723677,21.0
170723882,5.4
170724543,19.2
170726794,78.1
170727841,19.2
170728961,46.3
170730133,6.7
170801690,10.2
170802638,2.2
170803415,66.8
170803729,3.6
170804911,26.4
170805901,25.9
170808065,4.4
170808936,17.7
170810918,137.0
170813051,111.9
170816258,61.4
170816599,1.6
170817908,2.6
170821265,53.0
170825307,6.7
170825500,7.2
170825784,65.0
170826819,11.0
170829414,51.5
170829674,81.2
170830069,216.8
170830135,117.2
170830328,14.6
170831179,57.3
170901007,5.9
170901255,9.0
170901345,29.7
170903534,25.6
170906030,78.8
170906039,11.5
170906485,45.6
170911267,20.0
170912273,13.6
170915161,15.6
170921168,39.4
170923101,46.1
170923188,59.5
170926528,15.4
170928607,9.2
170929513,9.5
170929699,9.0
171002969,7.9
171004857,8.2
171007498,3.5
171009138,47.1
171010792,107.3
171010875,25.3
171011162,101.9
171013350,39.4
171017823,86.3
171020813,19.2
171022085,37.6
171022885,13.3
171025213,6.4
171025913,7.9
171029020,19.7
171102107,48.4
171106498,10.8
171112868,302.8
171117515,105.9
171119992,26.4
171120556,44.1
171124235,26.2
171126216,165.9
171126235,1.5
171201068,59.1
171202113,81.2
171206122,15.4
171207809,25.6
171208733,2.6
171209671,13.8
171210493,143.1
171211844,148.2
171212222,20.0
171212434,32.0
171212948,6.7
171215705,28.9
171227000,37.6
171230048,10.0
171230955,70.4
180102660,13.3
180111815,19.2
180112842,9.5
180113011,15.9
180113116,11.3
180113418,24.6
180116026,59.9
180116678,122.6
180119837,3.0
180120207,28.9
180122129,4.4
180124392,86.5
180125891,22.8
180126095,18.4
180127049,34.8
180127879,17.7
180130049,120.6
180204109,1.2
180205184,15.4
180205323,47.4
180208764,17.4
180210517,38.9
180211754,20.5
180218635,5.6
180219482,108.0
180222239,50.7
180305393,13.1
180306479,63.5
180307073,136.7
180309322,24.6
180330891,14.3
180401280,33.8
180401846,23.0
180403565,36.6
180404091,80.9
180409346,13.1
180411519,77.6
180412425,21.0
180413118,57.9
180416340,103.4
180416924,69.9
180418281,2.6
180420031,59.4
180420107,63.0
180423033,54.8
180423266,3.3
180426005,38.1
180427442,25.9
180428102,64.5
180504136,25.3
180505540,21.8
180506077,44.0
180506902,23.3
180511437,2.0
180511606,9.2
180515814,20.2
180516229,13.8
180517309,41.7
180521935,31.2
180522607,6.9
180522678,12.0
180523782,2.0
180524416,13.3
180524920,4.1
180528371,16.9
180528465,8.2
180605458,24.1
180606730,6.1
180610377,163.3
180610568,8.4
180610791,27.6
180611145,9.0
180612785,101.1
180614327,9.2
180615462,22.5
180618030,3.7
180618724,130.0
180620354,98.0
180620660,46.7
180622273,13.6
180623849,15.9
180630335,48.9
180630467,12.0
180701469,25.6
180703876,20.7
180703949,1.5
180706351,38.1
180709099,11.0
180710062,90.1
180712358,37.1
180715087,5.1
180715741,1.7
180718201,7.2
180718763,98.3
180720213,8.9
180720598,48.9
180720933,23.3
180722120,12.5
180722418,51.5
180722993,86.5
180723133,3.1
180723757,19.7
180724807,58.1
180724984,4.6
180728575,6.1
180728728,6.4
180731891,31.2
180801492,7.4
180804554,43.5
180804765,21.5
180804909,4.6
180804931,18.4
180806665,8.4
180806944,15.6
180807097,54.3
180809485,236.0
180810278,15.1
180812349,38.4
180814505,100.6
180816088,34.6
180816930,19.5
180818520,169.2
180822423,8.4
180822562,152.0
180823442,47.7
180826055,290.6
180828790,8.3
180905400,7.2
180906597,52.0
180906759,13.3
180910032,38.4
180910156,28.9
180912274,41.2
180914522,122.4
180917477,4.9
180922461,6.4
180922734,16.9
180923931,8.2
180927993,4.6
181002617,1.7
181007385,46.3
181007737,23.6
181008269,33.0
181008877,224.5
181014479,33.5
181020424,13.3
181020792,15.1
181022846,13.8
181026540,44.8
181027076,89.9
181028590,29.7
181029892,18.7
181103046,11.8
181111654,15.1
181116484,68.6
181117663,87.6
181119606,16.4
181119649,25.3
181120265,17.4
181122381,73.7
181125092,9.2
181125371,3.8
181126413,2.1
181126729,9.2
181127274,12.3
181128751,17.7
181203880,41.2
181206970,89.1
181208188,62.5
181212693,57.6
181215110,37.4
181216551,43.5
181217665,42.5
190102258,122.1
190106866,11.8
190107050,67.6
190109217,123.9
190109497,8.2
190110726,9.0
190114873,116.4
190117369,35.6
190119249,34.3
190122305,54.0
190123513,16.9
190129515,8.7
190129539,10.0
190131109,49.9
190131964,63.2
190215772,23.3
190217188,11.5
190222312,13.8
190222537,13.3
190228973,50.9
190303240,64.8
190304371,62.2
190306943,180.5
190307151,75.5
190308923,45.6
190310398,59.4
190311600,12.5
190312446,12.8
190315512,29.2
190319353,13.9
190319375,21.8
190321363,55.8
190323179,4.7
190323303,30.5
190323879,38.4
190324348,52.2
190324947,26.9
190325999,316.9
190326314,55.8
190326975,20.7
190327111,36.9
190330694,36.1
190331093,4.8
190401139,42.8
190404293,9.5
190406450,11.8
190406465,15.1
190406745,80.4
190407575,58.9
190407672,17.7
190407788,2.4
190411407,18.7
190411579,60.9
190415173,52.5
190419414,212.7
190420981,1.5
190422284,80.4
190422670,20.7
190422957,213.3
190425089,7.7
190428783,16.6
190429743,22.3
190502168,11.8
190504415,77.6
190507270,85.0
190507970,36.4
190508808,37.6
190508987,119.8
190511302,27.6
190515190,1.3
190517813,4.9
190519309,43.5
190530430,18.4
190531312,57.1
190531840,38.1
190603795,22.5
190604446,32.0
190605974,3.6
190607071,37.9
190608009,85.2
190609315,97.5
190610750,37.9
190610834,3.1
190611950,100.6
190612165,144.9
190613449,4.9
190615636,16.9
190619018,177.9
190619595,134.9
190620507,51.7
190622368,31.7
190623461,9.7
190626254,23.8
190627481,9.0
190628521,19.2
190707285,36.4
190707308,34.3
190712018,1.8
190712095,6.4
190714573,66.0
190716019,61.2
190716917,6.9
190719113,84.7
190719624,175.6
190720613,6.1
190720964,10.5
190723309,24.6
190726642,308.0
190726843,224.3
190727668,47.4
190727846,35.1
190731943,15.9
190804058,4.2
190804792,8.4
190805106,9.2
190805199,21.5
190806535,13.8
190806675,21.0
190808752,31.2
190814837,10.0
190817953,8.4
190821716,59.9
190824616,108.5
190825171,12.0
190827467,43.8
190828542,63.5
190828614,20.0
190829830,59.4
190830023,12.3
190830264,5.4
190831332,41.0
190831693,17.9
190901890,473.1
190904174,7.7
190906767,23.0
190910028,9.2
190914345,132.1
190915240,13.8
190919764,42.0
190921699,22.3
190923617,3.6
190930400,185.9
191001279,24.0
191008297,32.5
191009298,61.7
191011192,25.1
191015327,8.2
191017391,67.8
191017957,3.1
191019469,11.3
191019970,137.7
191022285,12.3
191022341,77.8
191023630,172.5
191026350,59.1
191027638,7.2
191028174,4.9
191028589,34.3
191031025,200.2
191031635,10.0
191031780,77.8
191101895,10.5
191108003,125.7
191110587,14.8
191111347,5.4
191111364,88.1
191111547,158.2
191112369,50.4
191113578,11.8
191125206,77.3
191125634,46.3
191129141,20.0
191130253,121.1
191130507,62.0
191202867,30.7
191213254,18.9
191213784,9.2
191220589,27.9
191221802,2.2
191225309,112.4
191225735,82.7
191227069,25.1
200101861,10.0
200103678,10.0
200103689,68.1
200105914,16.9
200109074,41.0
200110518,153.9
200111633,6.0
200112395,38.9
200112525,4.9
200114153,29.7
200117517,28.4
200119692,19.2
200120962,12.8
200122221,2.8
200125864,5.8
200127758,33.0
200130248,56.6
200130417,11.3
200201040,12.5
200205845,17.4
200207058,15.6
200208052,21.0
200211310,78.6
200211813,55.0
200212451,10.5
200215611,24.3
200216380,8.2
200216564,12.0
200219317,1.2
200219413,10.0
200219998,21.6
200223814,65.3
200224212,299.5
200227306,24.3
200228291,3.6
200228469,14.1
200301320,18.2
200303107,82.2
200307894,1.7
200308941,43.0
200311636,52.5
200313071,13.6
200313456,5.2
200317028,7.6
200318941,10.2
200319323,20.5
200320414,9.0
200323006,7.2
200323782,2.1
200325620,36.6
200326517,96.5
200401292,4.5
200402403,55.8
200402688,23.8
200402824,33.8
200403896,58.9
200403919,37.4
200403974,18.4
200404706,26.6
200405394,14.8
200407265,3.1
200407388,47.9
200412290,12.6
200412381,6.1
200416295,9.3
200421865,67.1
200425701,7.9
200501435,1.5
200502574,25.3
200503721,92.9
200505994,10.0
200506020,117.0
200506404,204.5
200507662,55.3
200509818,2.2
200509958,13.3
200510445,10.0
200517786,27.4
200522650,31.0
200524211,37.8
200528436,56.6
200529039,85.0
200529504,46.6
200530031,22.5
200531119,27.4
200601097,153.9
200604778,70.4
200604833,11.0
200607921,26.6
200609380,92.2
200613229,478.0
200614608,9.7
200615250,49.7
200616048,23.3
200616654,24.6
200619108,28.7
200619252,15.1
200619492,50.4
200622092,32.0
200625532,63.5
200626105,3.5
200629535,28.2
200630076,7.2
200630980,102.1
200703970,32.5
200706633,17.2
200707072,17.2
200709147,52.0
200711461,29.4
200713919,5.1
200714247,8.7
200714437,152.6
200714661,3.3
200714774,20.7
200716060,45.1
200716316,51.5
200716957,5.3
200722094,64.8
200723691,58.1
200724213,228.4
200801352,30.7
200801650,63.7
200802491,91.1
200803149,118.3
200809211,64.5
200809654,17.4
200816486,31.5
200817393,30.5
200818998,4.1
200824594,3.6
200826187,1.1
200826923,7.4
200829582,6.9
200830413,15.1
200901158,10.2
200903031,26.9
200903113,80.9
200903902,7.2
200904085,37.6
200906550,67.3
200907957,140.8
200909168,28.1
200914534,65.3
200916812,108.8
200919569,2.6
200919964,48.1
200920651,1.5
200922753,48.9
200924235,58.1
200924284,7.2
200924386,2.8
200925610,50.2
200928552,14.8
201004094,28.4
201004365,36.4
201006054,4.3
201007123,195.3
201008443,2.0
201008754,55.0
201011629,126.2
201011837,56.6
201012233,64.0
201016019,2.9
201016136,165.1
201017407,9.0
201019069,16.9
201019484,13.6
201020241,21.5
201020732,15.9
201021111,20.5
201021852,35.3
201026943,281.3
201029847,105.5
201031744,34.0
201104001,52.5
201105215,4.6
201105230,17.2
201108645,68.9
201116035,6.8
201120402,8.2
201120442,3.1
201121062,59.6
201121130,15.4
201127147,7.4
201128746,11.3
201201120,44.3
201207977,17.4
201208252,44.8
201213746,46.3
201215266,13.1
201216792,77.3
201216963,30.0
201217108,37.1
201218177,14.3
201218798,75.3
201221978,7.2
201222461,7.9
201223173,25.6
201223749,33.3
201226553,70.9
201228102,25.3
201229639,77.8
201231447,10.0
201231550,21.2
210101620,23.3
210102861,84.0
210104477,31.7
210105669,5.1
210108424,7.2
210113379,38.4
210117458,12.5
210120299,22.2
210123305,13.1
210125369,68.9
210126417,61.4
210127268,33.3
210201567,39.7
210202841,17.7
210204270,206.9
210204777,32.0
210207603,11.0
210210713,64.5
210211363,28.7
210213741,15.4
210225218,87.8
210226197,18.9
210227115,17.9
210228058,3.8
210228277,42.8
210303425,13.1
210305794,61.7
210306162,9.5
210306397,15.1
210308276,5.4
210312169,65.3
210315716,5.6
210317381,46.3
210324468,31.7
210324809,4.9
210324833,67.1
210328865,54.8
210401970,301.1
210405351,14.8
210406716,21.8
210406949,19.7
210410037,48.1
210411146,42.5
210411688,60.7
210413991,2.0
210415284,16.9
210419882,37.4
210420215,29.4
210421455,11.0
210422573,11.0
210424694,5.9
210427206,18.7
210429658,12.3
210430904,37.1
210501205,8.2
210502295,5.0
210503815,32.8
210504959,13.6
210507778,2.8
210511458,17.9
210511477,5.9
210515546,1.6
210515623,16.4
210516982,2.7
210518033,15.1
210518545,6.5
210519277,25.0
210520797,56.1
210524208,21.0
210524473,31.2
210529996,12.3
210531500,20.5
210602865,14.6
210603907,7.9
210605622,110.3
210606164,11.0
210606945,243.7
210610628,8.2
210610827,55.0
210615892,6.4
210615982,1.9
210618072,3.6
210619532,1.3
210619999,54.8
210620204,53.8
210620666,98.3
210621447,15.6
210622064,40.7
210622440,16.1
210625891,4.1
210626345,34.0
210626991,46.3
210627312,12.8
210627748,13.8
210704684,43.5
210704815,4.7
210706346,7.2
210706571,3.8
210709201,31.0
210712405,7.2
210714331,42.4
210716485,5.2
210719164,40.7
210721978,10.0
210722871,62.0
210723615,42.8
210724105,13.6
210725048,7.0
210725158,47.1
210726106,47.9
210727410,1.1
210730207,4.2
210731092,72.4
210731367,28.9
210731931,25.9
210801581,13.8
210801649,5.4
210802839,10.2
210803497,9.2
210807525,8.7
210807687,7.7
210807955,125.4
210812011,37.6
210812699,39.9
210813038,82.4
210815100,7.2
210820004,13.8
210822273,18.6
210822729,2.2
210824174,40.2
210826293,19.7
210827416,8.7
210827424,35.6
210903077,15.9
210903727,18.2
210904866,3.9
210909447,1.4
210912522,2.6
210915530,113.4
210915630,33.5
210917157,7.0
210923124,128.5
210924960,10.2
210925056,4.5
210925800,229.1
210926044,7.4
210926869,6.9
210927996,32.3
210928761,32.8
210929821,10.8
211002338,13.6
211002740,4.9
211018505,24.6
211018697,15.1
211018936,123.9
211019250,47.4
211021460,2.8
211023546,79.1
211102338,48.9
211102587,19.7
211104765,39.7
211107848,8.4
211109028,9.0
211109113,285.7
211112607,111.6
211115688,9.0
211116487,14.8
211116586,20.0
211118985,7.2
211120548,36.1
211120962,5.1
211121434,333.1
211129410,111.1
211130636,218.6
211201863,54.8
211204493,139.3
211204901,17.4
211207416,120.3
211210937,11.8
211211549,34.3
211211909,54.3
211212394,42.5
211212532,21.5
211216282,20.2
211216556,28.4
211217295,4.1
211219622,31.7
211219910,73.7
211221867,14.6
211225014,9.5
211229145,119.8
211229930,24.3
211231292,9.2
220101215,128.3
220103877,6.9
220104167,2.6
220107615,33.0
220107793,24.8
220111807,10.5
220114168,8.2
220115709,25.3
220115943,36.6
220117199,115.5
220118764,18.9
220124074,53.8
220130968,61.4
220209959,200.2
220210998,43.5
220211657,152.6
220214002,78.1
220219473,79.6
220222098,9.2
220222808,10.8
220223094,8.7
220228438,12.0
220304228,31.5
220305481,172.8
220305676,27.1
220306306,4.9
220306761,13.3
220308233,32.8
220309253,62.2
220310122,5.4
220316476,48.1
220317534,14.3
220320194,20.0
220321282,2.2
220324110,44.3
220325879,15.9
220326173,23.6
220401429,39.2
220401896,32.0
220403424,6.9
220404741,82.2
220405258,8.2
220407167,1.4
220408240,17.9
220408311,32.5
220411306,22.3
220415645,23.0
220417578,16.9
220418661,2.8
220421346,6.4
220426285,5.6
220426299,87.6
220430900,30.5
220501828,51.2
220507423,6.0
220508939,57.6
220511571,16.0
220512211,4.5
220514517,66.3
220516525,17.4
220518717,3.8
220521972,13.6
220522110,5.8
220523175,7.7
220523558,7.2
220525008,16.1
220527387,10.5
220606025,19.7
220608211,35.3
220608317,23.0
220609063,11.5
220610295,17.7
220610906,1.4
220612013,15.9
220613395,14.8
220617673,23.3
220618382,43.8
220619207,43.8
220620261,48.4
220624124,285.2
220624431,20.2
220627890,136.7
220627901,127.0
220702569,3.8
220702842,35.8
220704575,22.0
220705282,22.0
220711761,81.6
220713691,10.7
220715368,13.3
220715691,23.3
220715934,39.7
220724457,67.3
220724988,35.6
220726405,19.5
220727192,6.5
220728681,1.2
220803402,7.9
220807581,39.9
220810969,9.0
220821296,38.1
220823618,69.6
220825082,14.1
220826218,10.5
220826431,8.2
220826497,16.6
220827896,126.7
220829610,20.5
220830319,61.4
220831550,12.0
220831581,1.7
220831664,2.8
220902438,15.9
220903125,6.4
220903511,7.4
220905433,144.6
220905478,12.5
220907587,8.7
220909286,14.6
220910242,4.2
220912035,52.0
220915022,43.8
220915218,18.0
220915400,21.5
220917614,26.4
220921462,210.0
220921473,44.3
220924906,127.7
220925462,56.6
220927234,76.8
221005757,9.0
221009553,325.8
221013029,35.1
221016986,12.7
221018459,226.3
221020225,17.4
221021388,68.4
221022815,6.9
221022955,31.7
221023862,39.2
221024542,8.4
221027173,7.2
221029045,27.6
221103285,140.3
221107058,231.4
221108472,15.1
221112263,10.8
221115018,147.5
221118575,17.9
221119627,66.0
221121274,40.7
221126547,7.4
221201517,28.9
221202904,26.1
221203537,3.5
221203886,8.4
221205022,49.2
221206464,15.9
221206516,8.4
221209243,4.2
221209877,15.6
221210108,18.2
221211274,4.4
221212278,28.2
221215673,65.8
221216473,184.3
221221944,7.4
221226698,128.5
221226945,4.9
221228204,86.3
221231907,6.1
230101095,83.2
230110649,6.8
230111797,7.9
230114708,23.3
230116205,7.9
230116575,39.4
230118996,7.2
230119558,114.4
230124638,11.5
230128950,119.0
230129246,73.0
230129542,47.9
230130204,1.8
230201060,13.6
230201831,84.7
230204906,216.1
230207021,22.5
230209939,67.3
230210260,32.5
230215612,55.8
230220892,28.7
230225460,67.8
230225618,51.2
230227432,15.4
230228244,2.3
230301278,12.3
230304265,254.5
230304608,34.8
230304624,28.4
230304918,17.2
230305570,11.0
230307656,34.6
230310031,52.2
230312812,11.3
230313485,6.5
230314119,46.8
230316546,30.9
230320150,16.1
230320884,14.6
230321100,6.9
230321182,81.9
230322873,200.5
230328582,92.7
230328621,18.9
230330018,18.9
230402314,62.5
230404958,65.8
230405627,40.7
230405832,4.3
230408442,4.5
230409033,7.1
230409626,20.2
230410476,22.3
230421405,9.7
230426853,25.9
230428381,4.4
230430196,12.0
230503847,83.5
230506214,26.4
230506531,38.4
230506715,23.0
230510503,177.4
230510890,466.2
230511145,234.2
230511469,13.8
230511548,63.5
230512269,2.6
230513929,4.8
230514996,5.9
230516743,49.9
230517462,23.3
230523474,18.4
230524239,26.9
230524357,11.0
230527290,105.5
230603525,20.5
230606010,15.6
230608468,15.9
230613373,17.4
230614009,24.1
230614385,14.9
230614424,6.1
230618227,48.6
230621990,32.8
230625767,63.2
230626604,15.4
230628067,28.7
230628849,19.2
230701025,24.8
230701948,2.8
230702527,2.4
230703954,17.9
230704821,21.8
230707141,28.9
230709706,22.3
230709902,3.8
230710826,47.6
230712868,16.9
230713999,80.1
230715072,18.7
230715190,135.9
230717117,13.8
230718188,24.8
230723488,6.1
230727460,14.6
230728118,18.9
230728560,131.6
230802285,38.1
230802999,63.7
230803061,87.6
230803642,55.6
230803977,27.9
230805475,60.2
230806217,48.9
230808451,62.5
230808699,21.0
230811385,9.7
230812395,25.6
230812790,3.3
230814788,69.4
230815451,5.2
230817502,45.3
230818977,10.0
230826814,37.4
230827762,83.2
230830792,21.0
230902615,3.6
230903440,122.1
230903724,2.8
230904853,5.6
230910125,12.3
230911132,35.8
230911185,85.5
230911329,45.6
230911686,16.4
230913331,12.0
230915236,34.8
230915288,28.9
230918997,14.1
230919707,2.9
230930917,12.8
231001015,39.9
231004350,6.1
231017337,4.8
231018521,39.4
231019715,9.5
231020790,9.3
231020900,22.5
231025283,5.9
231028173,34.8
231028935,44.8
231030005,6.4
231030832,10.8
231031144,11.5
231101099,9.2
231103612,43.5
231104075,37.1
231104966,13.6
231106759,23.6
231108877,4.7
231116403,6.9
231118720,5.8
231118940,6.3
231120016,92.4
231123114,3.5
231123809,52.5
231124360,22.0
231126050,14.8
231128489,78.8
231129799,5.8
231203293,36.6
231204833,44.8
231206789,2.8
231210553,79.6
231214850,21.0
231215408,16.1
231220674,5.1
231222299,14.6
231222310,120.8
231230062,17.2
240102125,26.6
240106024,143.9
240106265,33.0
240107803,60.2
240109896,11.3
240112541,15.6
240112734,5.3
240112914,3.3
240115461,1.8
240115698,163.1
240118075,54.0
240118508,26.6
240118725,30.7
240123742,11.5
240129632,28.4
240204630,15.9
240205926,47.1
240207639,22.8
240209263,5.4
240213841,43.0
240215670,28.7
240215828,21.8
240216456,2.4
240218084,37.6
240220469,20.7
240226236,20.2
240226815,158.7
240227195,1.6
240229588,28.7
240303513,5.9
240303837,4.0
240305162,7.4
240305409,13.1
240306282,9.0
240308268,77.8
240310236,5.9
240314480,18.2
240317405,14.1
240318119,8.4
240320729,4.9
240320831,9.7
240329905,6.4
240331997,26.8
240402989,10.9
240403149,14.6
240403498,35.6
240405630,65.5
240405932,20.0
240407042,13.8
240408043,219.1
240411073,3.5
240415269,10.0
240420190,18.7
240421405,12.3
240422112,28.2
240422389,42.8
240425015,37.4
240428627,10.2
240429628,2.0
240430806,14.6
240501455,91.9
240502228,22.8
240502600,7.2
240504217,18.9
240507006,58.6
240509721,38.7
240511754,95.0
240513307,6.9
240514169,1.4
240514431,22.0
240516150,46.3
240519213,11.3
240521631,33.8
240523401,8.7
240525697,21.8
240527297,9.7
240527586,24.8
240602419,25.4
240603102,2.5
240603423,36.9
240604936,40.2
240605338,17.2
240606565,11.0
240607459,20.2
240608126,16.6
240610002,47.4
240611444,58.9
240612503,123.4
240612511,79.4
240613991,3.1
240616382,9.5
240619155,36.1
240619466,21.0
240624805,92.2
240625957,26.6
240627839,23.8
240629704,7.2
240702885,21.2
240704855,55.0
240710643,8.4
240710717,20.2
240718270,58.6
240720017,1.8
240727250,18.7
240727994,11.8
240731597,11.3
240801138,29.7
240804796,52.7
240805085,10.8
240807238,7.7
240810880,1.5
240814164,14.6
240814483,12.0
240814785,65.0
240821721,67.3
240821775,1.7
240824549,1.5
240824640,13.1
240825662,4.0
240828622,41.5
240829058,11.5
240905053,6.2
240905186,1.3
240905357,6.0
240905443,16.9
240910167,272.4
240910488,1.4
240912074,88.6
240913140,31.7
240913488,6.3
240914298,12.3
240916058,32.0
240918872,11.3
240929826,13.3
240930721,64.5
241002260,64.3
241008917,52.7
241010743,6.7
241013936,29.1
241016073,1.5
241024647,3.5
241025067,123.9
241025650,5.0
241026946,16.4
241029097,13.3
241030242,165.6
241030774,6.8
241104771,10.5
241105671,91.8
241114960,4.4
241115191,5.1
241115554,3.1
241115755,70.7
241117125,8.9
241119350,21.0
241120246,3.2
